train_id,section_id,scheduled_entry_time,scheduled_exit_time,planned_stop_next_station,dwell_minutes_next_station
T0001,STN_09__STN_10,09:50,10:20,1,2
T0001,STN_08__STN_09,10:22,10:56,0,0
T0001,STN_07__STN_08,10:56,11:14,1,3
T0001,STN_06__STN_07,11:17,11:32,1,1
T0001,STN_05__STN_06,11:33,11:56,1,2
T0001,STN_05__STN_11,11:58,12:28,0,0
T0002,STN_09__STN_10,14:44,14:55,0,0
T0002,STN_08__STN_09,14:55,15:09,0,0
T0002,STN_07__STN_08,15:09,15:15,1,6
T0002,STN_06__STN_07,15:21,15:27,0,0
T0002,STN_05__STN_06,15:27,15:36,0,0
T0002,STN_05__STN_11,15:36,15:47,0,0
T0002,STN_11__STN_12,15:47,15:56,0,0
T0003,STN_03__STN_04,09:27,09:47,1,1
T0003,STN_04__STN_05,09:48,09:58,1,2
T0003,STN_05__STN_11,10:00,10:20,0,0
T0004,STN_02__STN_03,22:19,22:52,0,0
T0004,STN_03__STN_04,22:52,23:27,0,0
T0004,STN_04__STN_05,23:27,23:45,1,9
T0004,STN_05__STN_11,23:54,00:31,0,0
T0005,STN_02__STN_03,14:11,14:32,1,1
T0005,STN_03__STN_04,14:33,14:55,1,3
T0005,STN_04__STN_05,14:58,15:10,0,0
T0005,STN_05__STN_11,15:10,15:33,0,0
T0006,STN_03__STN_04,12:13,12:37,0,0
T0006,STN_02__STN_03,12:37,12:57,1,1
T0006,STN_01__STN_02,12:58,13:23,0,0
T0007,STN_03__STN_04,20:13,20:43,1,3
T0007,STN_04__STN_05,20:46,21:02,1,1
T0007,STN_05__STN_11,21:03,21:33,0,0
T0008,STN_04__STN_05,14:38,14:49,1,2
T0008,STN_05__STN_11,14:51,15:11,1,1
T0008,STN_11__STN_12,15:12,15:29,0,0
T0009,STN_04__STN_05,11:31,11:39,0,0
T0009,STN_05__STN_06,11:39,11:51,1,2
T0009,STN_06__STN_07,11:53,12:02,1,3
T0009,STN_07__STN_08,12:05,12:14,0,0
T0009,STN_08__STN_09,12:14,12:32,0,0
T0009,STN_09__STN_10,12:32,12:48,0,0
T0010,STN_03__STN_04,07:18,07:45,1,2
T0010,STN_02__STN_03,07:47,08:11,0,0
T0011,STN_06__STN_07,15:34,15:45,1,1
T0011,STN_05__STN_06,15:46,16:02,1,2
T0011,STN_05__STN_11,16:04,16:24,1,1
T0011,STN_11__STN_12,16:25,16:42,0,0
T0012,STN_05__STN_11,04:30,04:55,0,0
T0012,STN_05__STN_06,04:55,05:15,0,0
T0012,STN_06__STN_07,05:15,05:28,0,0
T0012,STN_07__STN_08,05:28,05:42,1,11
T0012,STN_08__STN_09,05:53,06:20,0,0
T0013,STN_07__STN_08,18:26,18:34,0,0
T0013,STN_06__STN_07,18:34,18:42,0,0
T0013,STN_05__STN_06,18:42,18:53,0,0
T0014,STN_01__STN_02,22:30,22:45,0,0
T0014,STN_02__STN_03,22:45,22:58,0,0
T0014,STN_03__STN_04,22:58,23:13,0,0
T0014,STN_04__STN_05,23:13,23:20,0,0
T0014,STN_05__STN_06,23:20,23:32,1,2
T0014,STN_06__STN_07,23:34,23:42,1,2
T0014,STN_07__STN_08,23:44,23:53,0,0
T0014,STN_08__STN_09,23:53,00:10,1,2
T0014,STN_09__STN_10,00:12,00:26,0,0
T0015,STN_04__STN_05,14:43,14:55,1,3
T0015,STN_05__STN_11,14:58,15:21,0,0
T0016,STN_08__STN_09,23:13,23:35,1,1
T0016,STN_09__STN_10,23:36,23:54,0,0
T0017,STN_02__STN_03,16:36,16:48,0,0
T0017,STN_03__STN_04,16:48,17:02,0,0
T0018,STN_05__STN_11,04:16,04:31,1,8
T0018,STN_05__STN_06,04:39,04:50,0,0
T0018,STN_06__STN_07,04:50,04:58,0,0
T0018,STN_07__STN_08,04:58,05:07,1,5
T0018,STN_08__STN_09,05:12,05:29,0,0
T0019,STN_05__STN_06,20:40,21:01,0,0
T0019,STN_06__STN_07,21:01,21:15,1,2
T0019,STN_07__STN_08,21:17,21:32,1,1
T0019,STN_08__STN_09,21:33,22:05,0,0
T0020,STN_11__STN_12,23:08,23:20,1,8
T0020,STN_05__STN_11,23:28,23:44,1,5
T0020,STN_05__STN_06,23:49,00:01,1,4
T0020,STN_06__STN_07,00:05,00:13,0,0
T0021,STN_01__STN_02,11:10,11:25,0,0
T0021,STN_02__STN_03,11:25,11:37,1,6
T0021,STN_03__STN_04,11:43,11:58,0,0
T0021,STN_04__STN_05,11:58,12:06,1,4
T0021,STN_05__STN_06,12:10,12:22,0,0
T0022,STN_01__STN_02,15:20,15:48,0,0
T0022,STN_02__STN_03,15:48,16:12,0,0
T0023,STN_04__STN_05,03:56,04:10,0,0
T0023,STN_03__STN_04,04:10,04:38,0,0
T0024,STN_07__STN_08,14:25,14:34,0,0
T0024,STN_06__STN_07,14:34,14:41,0,0
T0025,STN_02__STN_03,15:59,16:21,1,3
T0025,STN_03__STN_04,16:24,16:48,1,2
T0025,STN_04__STN_05,16:50,17:02,0,0
T0026,STN_09__STN_10,15:47,16:17,0,0
T0026,STN_08__STN_09,16:17,16:51,0,0
T0026,STN_07__STN_08,16:51,17:08,0,0
T0027,STN_01__STN_02,18:53,19:19,0,0
T0027,STN_02__STN_03,19:19,19:42,1,3
T0027,STN_03__STN_04,19:45,20:12,1,2
T0027,STN_04__STN_05,20:14,20:27,1,2
T0027,STN_05__STN_11,20:29,20:55,1,1
T0027,STN_11__STN_12,20:56,21:18,0,0
T0028,STN_05__STN_11,15:08,15:26,1,4
T0028,STN_05__STN_06,15:30,15:44,0,0
T0028,STN_06__STN_07,15:44,15:53,0,0
T0029,STN_05__STN_06,22:42,23:05,1,1
T0029,STN_06__STN_07,23:06,23:21,0,0
T0030,STN_06__STN_07,19:04,19:15,1,2
T0030,STN_07__STN_08,19:17,19:29,0,0
T0031,STN_03__STN_04,06:53,07:14,0,0
T0031,STN_04__STN_05,07:14,07:26,1,8
T0031,STN_05__STN_11,07:34,07:56,0,0
T0032,STN_02__STN_03,05:34,05:51,1,3
T0032,STN_01__STN_02,05:54,06:14,0,0
T0033,STN_04__STN_05,03:46,03:58,0,0
T0033,STN_05__STN_11,03:58,04:21,0,0
T0033,STN_11__STN_12,04:21,04:42,0,0
T0034,STN_06__STN_07,10:00,10:18,0,0
T0034,STN_05__STN_06,10:18,10:44,0,0
T0034,STN_04__STN_05,10:44,11:02,0,0
T0035,STN_07__STN_08,22:07,22:16,0,0
T0035,STN_06__STN_07,22:16,22:24,0,0
T0035,STN_05__STN_06,22:24,22:36,0,0
T0035,STN_05__STN_11,22:36,22:51,0,0
T0036,STN_07__STN_08,20:12,20:26,0,0
T0036,STN_06__STN_07,20:26,20:39,0,0
T0036,STN_05__STN_06,20:39,20:59,0,0
T0036,STN_04__STN_05,20:59,21:11,0,0
T0036,STN_03__STN_04,21:11,21:36,0,0
T0037,STN_06__STN_07,06:45,06:54,1,8
T0037,STN_07__STN_08,07:02,07:12,1,6
T0037,STN_08__STN_09,07:18,07:39,0,0
T0038,STN_01__STN_02,18:20,18:45,1,3
T0038,STN_02__STN_03,18:48,19:08,0,0
T0038,STN_03__STN_04,19:08,19:32,0,0
T0039,STN_08__STN_09,22:38,22:59,0,0
T0039,STN_07__STN_08,22:59,23:09,1,2
T0039,STN_06__STN_07,23:11,23:20,1,3
T0039,STN_05__STN_06,23:23,23:38,1,2
T0039,STN_05__STN_11,23:40,23:59,0,0
T0039,STN_11__STN_12,23:59,00:14,0,0
T0040,STN_09__STN_10,04:55,05:18,0,0
T0040,STN_08__STN_09,05:18,05:46,0,0
T0040,STN_07__STN_08,05:46,05:59,0,0
T0040,STN_06__STN_07,05:59,06:11,0,0
T0040,STN_05__STN_06,06:11,06:30,0,0
T0040,STN_05__STN_11,06:30,06:55,0,0
T0041,STN_02__STN_03,04:39,04:56,1,2
T0041,STN_03__STN_04,04:58,05:17,1,3
T0041,STN_04__STN_05,05:20,05:30,1,1
T0041,STN_05__STN_06,05:31,05:46,1,1
T0041,STN_06__STN_07,05:47,05:57,1,1
T0041,STN_07__STN_08,05:58,06:09,0,0
T0042,STN_03__STN_04,00:43,00:59,0,0
T0042,STN_04__STN_05,00:59,01:07,1,5
T0042,STN_05__STN_06,01:12,01:24,1,5
T0042,STN_06__STN_07,01:29,01:37,0,0
T0042,STN_07__STN_08,01:37,01:46,0,0
T0042,STN_08__STN_09,01:46,02:03,1,8
T0042,STN_09__STN_10,02:11,02:26,0,0
T0043,STN_05__STN_11,08:07,08:33,1,1
T0043,STN_05__STN_06,08:34,08:54,1,2
T0043,STN_06__STN_07,08:56,09:09,1,1
T0043,STN_07__STN_08,09:10,09:25,0,0
T0043,STN_08__STN_09,09:25,09:54,0,0
T0043,STN_09__STN_10,09:54,10:20,0,0
T0044,STN_03__STN_04,10:00,10:22,0,0
T0044,STN_04__STN_05,10:22,10:33,0,0
T0044,STN_05__STN_06,10:33,10:50,0,0
T0044,STN_06__STN_07,10:50,11:02,0,0
T0045,STN_05__STN_06,06:57,07:17,1,2
T0045,STN_04__STN_05,07:19,07:33,0,0
T0046,STN_01__STN_02,15:05,15:31,1,2
T0046,STN_02__STN_03,15:33,15:55,0,0
T0046,STN_03__STN_04,15:55,16:21,1,1
T0046,STN_04__STN_05,16:22,16:35,1,1
T0046,STN_05__STN_06,16:36,16:56,1,1
T0046,STN_06__STN_07,16:57,17:10,1,2
T0046,STN_07__STN_08,17:12,17:26,0,0
T0047,STN_04__STN_05,03:36,03:42,0,0
T0047,STN_05__STN_06,03:42,03:51,0,0
T0047,STN_06__STN_07,03:51,03:57,0,0
T0048,STN_11__STN_12,13:14,13:34,0,0
T0048,STN_05__STN_11,13:34,13:59,0,0
T0048,STN_05__STN_06,13:59,14:18,0,0
T0048,STN_06__STN_07,14:18,14:31,0,0
T0048,STN_07__STN_08,14:31,14:45,0,0
T0049,STN_04__STN_05,10:37,10:45,1,5
T0049,STN_03__STN_04,10:50,11:05,1,5
T0049,STN_02__STN_03,11:10,11:24,0,0
T0050,STN_11__STN_12,01:46,01:58,0,0
T0050,STN_05__STN_11,01:58,02:13,0,0
T0050,STN_04__STN_05,02:13,02:20,0,0
T0050,STN_03__STN_04,02:20,02:34,0,0
T0051,STN_07__STN_08,06:13,06:20,1,2
T0051,STN_06__STN_07,06:22,06:28,0,0
T0051,STN_05__STN_06,06:28,06:37,1,3
T0051,STN_04__STN_05,06:40,06:46,0,0
T0051,STN_03__STN_04,06:46,06:58,0,0
T0051,STN_02__STN_03,06:58,07:08,0,0
T0052,STN_07__STN_08,00:05,00:19,1,3
T0052,STN_06__STN_07,00:22,00:34,0,0
T0052,STN_05__STN_06,00:34,00:52,0,0
T0053,STN_05__STN_11,09:21,09:41,1,1
T0053,STN_04__STN_05,09:42,09:53,1,3
T0053,STN_03__STN_04,09:56,10:17,1,2
T0053,STN_02__STN_03,10:19,10:38,0,0
T0054,STN_02__STN_03,11:58,12:20,1,3
T0054,STN_03__STN_04,12:23,12:46,0,0
T0054,STN_04__STN_05,12:46,12:58,1,1
T0054,STN_05__STN_11,12:59,13:23,0,0
T0055,STN_03__STN_04,00:18,00:51,0,0
T0055,STN_04__STN_05,00:51,01:08,0,0
T0056,STN_05__STN_11,17:44,17:57,0,0
T0056,STN_11__STN_12,17:57,18:07,0,0
T0057,STN_06__STN_07,15:00,15:08,1,3
T0057,STN_05__STN_06,15:11,15:24,0,0
T0057,STN_05__STN_11,15:24,15:40,0,0
T0057,STN_11__STN_12,15:40,15:54,0,0
T0058,STN_09__STN_10,09:58,10:24,1,2
T0058,STN_08__STN_09,10:26,10:55,1,3
T0058,STN_07__STN_08,10:58,11:14,0,0
T0058,STN_06__STN_07,11:14,11:28,1,2
T0058,STN_05__STN_06,11:30,11:51,0,0
T0058,STN_04__STN_05,11:51,12:05,1,2
T0058,STN_03__STN_04,12:07,12:34,1,3
T0058,STN_02__STN_03,12:37,12:59,1,2
T0058,STN_01__STN_02,13:01,13:28,0,0
T0059,STN_08__STN_09,02:26,02:58,0,0
T0059,STN_07__STN_08,02:58,03:13,0,0
T0059,STN_06__STN_07,03:13,03:27,0,0
T0059,STN_05__STN_06,03:27,03:48,1,9
T0059,STN_04__STN_05,03:57,04:11,0,0
T0059,STN_03__STN_04,04:11,04:38,0,0
T0059,STN_02__STN_03,04:38,05:01,0,0
T0059,STN_01__STN_02,05:01,05:29,0,0
T0060,STN_05__STN_06,04:28,04:43,1,3
T0060,STN_06__STN_07,04:46,04:56,1,4
T0060,STN_07__STN_08,05:00,05:11,0,0
T0060,STN_08__STN_09,05:11,05:33,0,0
T0061,STN_04__STN_05,22:48,22:55,1,7
T0061,STN_05__STN_06,23:02,23:14,0,0
T0061,STN_06__STN_07,23:14,23:22,1,6
T0061,STN_07__STN_08,23:28,23:36,0,0
T0062,STN_01__STN_02,14:11,14:39,1,3
T0062,STN_02__STN_03,14:42,15:05,1,3
T0062,STN_03__STN_04,15:08,15:34,1,3
T0062,STN_04__STN_05,15:37,15:51,0,0
T0063,STN_11__STN_12,23:31,23:56,0,0
T0063,STN_05__STN_11,23:56,00:26,0,0
T0063,STN_04__STN_05,00:26,00:42,0,0
T0064,STN_06__STN_07,02:15,02:30,0,0
T0064,STN_05__STN_06,02:30,02:50,0,0
T0064,STN_05__STN_11,02:50,03:17,0,0
T0065,STN_02__STN_03,19:35,19:57,0,0
T0065,STN_03__STN_04,19:57,20:23,0,0
T0065,STN_04__STN_05,20:23,20:36,0,0
T0065,STN_05__STN_06,20:36,20:56,0,0
T0065,STN_06__STN_07,20:56,21:09,1,10
T0065,STN_07__STN_08,21:19,21:34,0,0
T0065,STN_08__STN_09,21:34,22:03,0,0
T0066,STN_01__STN_02,06:20,06:36,0,0
T0066,STN_02__STN_03,06:36,06:49,1,3
T0066,STN_03__STN_04,06:52,07:07,1,8
T0066,STN_04__STN_05,07:15,07:23,1,4
T0066,STN_05__STN_06,07:27,07:39,0,0
T0066,STN_06__STN_07,07:39,07:47,0,0
T0066,STN_07__STN_08,07:47,07:56,1,4
T0066,STN_08__STN_09,08:00,08:17,1,8
T0066,STN_09__STN_10,08:25,08:41,0,0
T0067,STN_09__STN_10,01:09,01:25,0,0
T0067,STN_08__STN_09,01:25,01:43,1,4
T0067,STN_07__STN_08,01:47,01:56,0,0
T0068,STN_07__STN_08,03:07,03:18,1,2
T0068,STN_06__STN_07,03:20,03:30,1,2
T0068,STN_05__STN_06,03:32,03:47,0,0
T0069,STN_04__STN_05,20:29,20:42,1,2
T0069,STN_05__STN_06,20:44,21:04,0,0
T0069,STN_06__STN_07,21:04,21:17,0,0
T0070,STN_06__STN_07,04:16,04:28,0,0
T0070,STN_05__STN_06,04:28,04:46,0,0
T0071,STN_11__STN_12,13:46,13:57,1,4
T0071,STN_05__STN_11,14:01,14:13,1,4
T0071,STN_05__STN_06,14:17,14:27,0,0
T0071,STN_06__STN_07,14:27,14:34,0,0
T0071,STN_07__STN_08,14:34,14:41,0,0
T0072,STN_01__STN_02,19:02,19:25,0,0
T0072,STN_02__STN_03,19:25,19:45,0,0
T0072,STN_03__STN_04,19:45,20:07,0,0
T0072,STN_04__STN_05,20:07,20:19,0,0
T0073,STN_06__STN_07,21:07,21:17,0,0
T0073,STN_07__STN_08,21:17,21:27,0,0
T0073,STN_08__STN_09,21:27,21:48,0,0
T0074,STN_05__STN_06,19:59,20:17,0,0
T0074,STN_04__STN_05,20:17,20:29,0,0
T0074,STN_03__STN_04,20:29,20:51,0,0
T0074,STN_02__STN_03,20:51,21:11,0,0
T0075,STN_02__STN_03,04:28,04:52,0,0
T0075,STN_03__STN_04,04:52,05:19,0,0
T0075,STN_04__STN_05,05:19,05:33,0,0
T0075,STN_05__STN_06,05:33,05:55,0,0
T0075,STN_06__STN_07,05:55,06:10,0,0
T0076,STN_08__STN_09,00:49,01:13,1,2
T0076,STN_07__STN_08,01:15,01:28,1,2
T0076,STN_06__STN_07,01:30,01:41,0,0
T0077,STN_05__STN_06,07:57,08:09,0,0
T0077,STN_06__STN_07,08:09,08:17,0,0
T0077,STN_07__STN_08,08:17,08:26,0,0
T0078,STN_08__STN_09,00:02,00:23,1,2
T0078,STN_07__STN_08,00:25,00:36,0,0
T0079,STN_06__STN_07,05:07,05:19,0,0
T0079,STN_05__STN_06,05:19,05:37,0,0
T0080,STN_02__STN_03,16:32,16:48,0,0
T0080,STN_03__STN_04,16:48,17:05,1,4
T0080,STN_04__STN_05,17:09,17:19,0,0
T0080,STN_05__STN_11,17:19,17:37,0,0
T0081,STN_09__STN_10,05:43,05:58,1,3
T0081,STN_08__STN_09,06:01,06:18,1,6
T0081,STN_07__STN_08,06:24,06:32,1,3
T0081,STN_06__STN_07,06:35,06:43,1,6
T0081,STN_05__STN_06,06:49,07:00,0,0
T0081,STN_04__STN_05,07:00,07:07,1,4
T0081,STN_03__STN_04,07:11,07:26,1,2
T0081,STN_02__STN_03,07:28,07:41,0,0
T0081,STN_01__STN_02,07:41,07:57,0,0
T0082,STN_03__STN_04,05:47,06:17,1,1
T0082,STN_04__STN_05,06:18,06:35,0,0
T0083,STN_06__STN_07,00:15,00:25,1,3
T0083,STN_07__STN_08,00:28,00:39,1,3
T0083,STN_08__STN_09,00:42,01:05,0,0
T0084,STN_06__STN_07,07:41,07:50,0,0
T0084,STN_05__STN_06,07:50,08:04,1,3
T0084,STN_05__STN_11,08:07,08:24,0,0
T0085,STN_05__STN_11,22:43,22:56,0,0
T0085,STN_05__STN_06,22:56,23:06,1,6
T0085,STN_06__STN_07,23:12,23:19,1,2
T0085,STN_07__STN_08,23:21,23:29,0,0
T0085,STN_08__STN_09,23:29,23:44,0,0
T0085,STN_09__STN_10,23:44,23:56,0,0
T0086,STN_06__STN_07,07:14,07:28,1,2
T0086,STN_05__STN_06,07:30,07:51,1,2
T0086,STN_05__STN_11,07:53,08:19,0,0
T0086,STN_11__STN_12,08:19,08:41,0,0
T0087,STN_05__STN_06,22:59,23:08,0,0
T0087,STN_04__STN_05,23:08,23:14,0,0
T0087,STN_03__STN_04,23:14,23:26,0,0
T0088,STN_06__STN_07,05:45,05:57,0,0
T0088,STN_05__STN_06,05:57,06:14,0,0
T0088,STN_05__STN_11,06:14,06:35,0,0
T0088,STN_11__STN_12,06:35,06:52,0,0
T0089,STN_08__STN_09,07:55,08:09,0,0
T0089,STN_07__STN_08,08:09,08:16,0,0
T0089,STN_06__STN_07,08:16,08:22,0,0
T0090,STN_08__STN_09,00:47,01:15,0,0
T0090,STN_07__STN_08,01:15,01:28,0,0
T0090,STN_06__STN_07,01:28,01:40,0,0
T0090,STN_05__STN_06,01:40,01:58,1,7
T0090,STN_04__STN_05,02:05,02:17,0,0
T0090,STN_03__STN_04,02:17,02:39,0,0
T0090,STN_02__STN_03,02:39,02:59,0,0
T0090,STN_01__STN_02,02:59,03:23,0,0
T0091,STN_03__STN_04,14:38,15:04,1,3
T0091,STN_04__STN_05,15:07,15:20,0,0
T0091,STN_05__STN_06,15:20,15:39,0,0
T0092,STN_05__STN_11,13:17,13:47,1,3
T0092,STN_04__STN_05,13:50,14:06,1,3
T0092,STN_03__STN_04,14:09,14:39,1,2
T0092,STN_02__STN_03,14:41,15:09,0,0
T0093,STN_01__STN_02,17:29,17:54,1,1
T0093,STN_02__STN_03,17:55,18:15,1,1
T0093,STN_03__STN_04,18:16,18:39,0,0
T0094,STN_01__STN_02,18:41,19:01,1,8
T0094,STN_02__STN_03,19:09,19:26,1,8
T0094,STN_03__STN_04,19:34,19:54,1,8
T0094,STN_04__STN_05,20:02,20:12,1,3
T0094,STN_05__STN_06,20:15,20:31,1,7
T0094,STN_06__STN_07,20:38,20:48,0,0
T0094,STN_07__STN_08,20:48,20:59,0,0
T0095,STN_05__STN_06,01:05,01:19,1,2
T0095,STN_04__STN_05,01:21,01:30,0,0
T0095,STN_03__STN_04,01:30,01:47,0,0
T0096,STN_02__STN_03,14:35,14:55,1,1
T0096,STN_03__STN_04,14:56,15:18,1,3
T0096,STN_04__STN_05,15:21,15:33,0,0
T0096,STN_05__STN_06,15:33,15:50,1,3
T0096,STN_06__STN_07,15:53,16:05,0,0
T0097,STN_03__STN_04,09:13,09:33,0,0
T0097,STN_04__STN_05,09:33,09:43,0,0
T0097,STN_05__STN_06,09:43,09:58,0,0
T0097,STN_06__STN_07,09:58,10:09,1,7
T0097,STN_07__STN_08,10:16,10:27,0,0
T0097,STN_08__STN_09,10:27,10:49,0,0
T0097,STN_09__STN_10,10:49,11:08,0,0
T0098,STN_07__STN_08,14:20,14:34,1,2
T0098,STN_06__STN_07,14:36,14:48,1,2
T0098,STN_05__STN_06,14:50,15:07,1,2
T0098,STN_05__STN_11,15:09,15:31,0,0
T0099,STN_08__STN_09,19:47,20:27,0,0
T0099,STN_07__STN_08,20:27,20:47,0,0
T0100,STN_09__STN_10,10:25,10:36,0,0
T0100,STN_08__STN_09,10:36,10:49,1,2
T0100,STN_07__STN_08,10:51,10:58,0,0
T0100,STN_06__STN_07,10:58,11:04,1,3
T0100,STN_05__STN_06,11:07,11:16,0,0
T0100,STN_05__STN_11,11:16,11:28,0,0
T0101,STN_03__STN_04,16:43,17:05,1,2
T0101,STN_04__STN_05,17:07,17:18,1,3
T0101,STN_05__STN_06,17:21,17:38,0,0
T0102,STN_08__STN_09,17:11,17:28,0,0
T0102,STN_07__STN_08,17:28,17:37,0,0
T0102,STN_06__STN_07,17:37,17:45,0,0
T0102,STN_05__STN_06,17:45,17:57,1,4
T0102,STN_05__STN_11,18:01,18:16,0,0
T0103,STN_06__STN_07,00:18,00:29,1,3
T0103,STN_05__STN_06,00:32,00:48,1,1
T0103,STN_04__STN_05,00:49,01:00,0,0
T0103,STN_03__STN_04,01:00,01:21,0,0
T0104,STN_02__STN_03,02:53,03:13,1,2
T0104,STN_03__STN_04,03:15,03:37,0,0
T0104,STN_04__STN_05,03:37,03:49,1,1
T0104,STN_05__STN_11,03:50,04:12,0,0
T0105,STN_04__STN_05,21:19,21:27,0,0
T0105,STN_03__STN_04,21:27,21:43,1,4
T0105,STN_02__STN_03,21:47,22:01,0,0
T0106,STN_06__STN_07,09:32,09:43,1,3
T0106,STN_05__STN_06,09:46,10:03,1,2
T0106,STN_04__STN_05,10:05,10:16,1,3
T0106,STN_03__STN_04,10:19,10:40,0,0
T0107,STN_11__STN_12,11:59,12:21,1,2
T0107,STN_05__STN_11,12:23,12:50,1,3
T0107,STN_05__STN_06,12:53,13:14,0,0
T0107,STN_06__STN_07,13:14,13:27,1,2
T0107,STN_07__STN_08,13:29,13:44,0,0
T0108,STN_04__STN_05,08:43,08:58,1,2
T0108,STN_05__STN_06,09:00,09:23,1,1
T0108,STN_06__STN_07,09:24,09:39,1,1
T0108,STN_07__STN_08,09:40,09:56,1,2
T0108,STN_08__STN_09,09:58,10:30,1,2
T0108,STN_09__STN_10,10:32,10:59,0,0
T0109,STN_05__STN_06,18:09,18:28,0,0
T0109,STN_04__STN_05,18:28,18:41,0,0
T0109,STN_03__STN_04,18:41,19:06,1,6
T0109,STN_02__STN_03,19:12,19:36,0,0
T0109,STN_01__STN_02,19:36,20:04,0,0
T0110,STN_07__STN_08,08:44,08:52,0,0
T0110,STN_06__STN_07,08:52,08:59,0,0
T0110,STN_05__STN_06,08:59,09:10,1,3
T0110,STN_05__STN_11,09:13,09:27,0,0
T0110,STN_11__STN_12,09:27,09:39,0,0
T0111,STN_04__STN_05,01:48,01:56,0,0
T0111,STN_05__STN_06,01:56,02:07,0,0
T0111,STN_06__STN_07,02:07,02:14,0,0
T0112,STN_09__STN_10,08:54,09:05,1,4
T0112,STN_08__STN_09,09:09,09:21,0,0
T0112,STN_07__STN_08,09:21,09:27,1,4
T0112,STN_06__STN_07,09:31,09:36,0,0
T0112,STN_05__STN_06,09:36,09:45,0,0
T0112,STN_04__STN_05,09:45,09:51,0,0
T0113,STN_01__STN_02,17:12,17:30,1,3
T0113,STN_02__STN_03,17:33,17:48,1,4
T0113,STN_03__STN_04,17:52,18:09,0,0
T0113,STN_04__STN_05,18:09,18:18,0,0
T0113,STN_05__STN_11,18:18,18:34,0,0
T0114,STN_05__STN_06,09:58,10:09,0,0
T0114,STN_05__STN_11,10:09,10:22,0,0
T0115,STN_11__STN_12,05:15,05:38,1,1
T0115,STN_05__STN_11,05:39,06:08,1,2
T0115,STN_05__STN_06,06:10,06:32,0,0
T0115,STN_06__STN_07,06:32,06:47,1,3
T0115,STN_07__STN_08,06:50,07:06,0,0
T0116,STN_01__STN_02,15:19,15:34,0,0
T0116,STN_02__STN_03,15:34,15:47,1,6
T0116,STN_03__STN_04,15:53,16:08,1,4
T0116,STN_04__STN_05,16:12,16:20,1,7
T0116,STN_05__STN_11,16:27,16:42,0,0
T0117,STN_02__STN_03,00:33,00:46,1,4
T0117,STN_03__STN_04,00:50,01:03,1,4
T0117,STN_04__STN_05,01:07,01:14,0,0
T0117,STN_05__STN_06,01:14,01:25,0,0
T0117,STN_06__STN_07,01:25,01:32,0,0
T0118,STN_06__STN_07,18:50,18:56,0,0
T0118,STN_07__STN_08,18:56,19:03,1,5
T0118,STN_08__STN_09,19:08,19:21,0,0
T0118,STN_09__STN_10,19:21,19:33,0,0
T0119,STN_09__STN_10,18:57,19:28,1,10
T0119,STN_08__STN_09,19:38,20:15,0,0
T0119,STN_07__STN_08,20:15,20:33,0,0
T0119,STN_06__STN_07,20:33,20:50,0,0
T0119,STN_05__STN_06,20:50,21:15,1,7
T0119,STN_05__STN_11,21:22,21:54,0,0
T0120,STN_11__STN_12,21:02,21:15,0,0
T0120,STN_05__STN_11,21:15,21:30,0,0
T0120,STN_04__STN_05,21:30,21:38,1,7
T0120,STN_03__STN_04,21:45,22:00,0,0
T0121,STN_03__STN_04,08:37,09:03,0,0
T0121,STN_02__STN_03,09:03,09:26,0,0
T0122,STN_05__STN_11,02:47,03:16,1,3
T0122,STN_05__STN_06,03:19,03:42,0,0
T0123,STN_03__STN_04,21:21,21:40,0,0
T0123,STN_04__STN_05,21:40,21:50,1,6
T0123,STN_05__STN_06,21:56,22:11,0,0
T0124,STN_03__STN_04,06:56,07:20,1,3
T0124,STN_04__STN_05,07:23,07:36,1,2
T0124,STN_05__STN_06,07:38,07:58,1,2
T0124,STN_06__STN_07,08:00,08:13,1,3
T0124,STN_07__STN_08,08:16,08:30,1,3
T0124,STN_08__STN_09,08:33,09:02,1,1
T0124,STN_09__STN_10,09:03,09:27,0,0
T0125,STN_02__STN_03,09:13,09:44,0,0
T0125,STN_03__STN_04,09:44,10:20,0,0
T0125,STN_04__STN_05,10:20,10:39,0,0
T0125,STN_05__STN_06,10:39,11:06,1,8
T0125,STN_06__STN_07,11:14,11:33,0,0
T0125,STN_07__STN_08,11:33,11:52,0,0
T0125,STN_08__STN_09,11:52,12:32,0,0
T0126,STN_05__STN_11,00:39,01:06,0,0
T0126,STN_05__STN_06,01:06,01:27,0,0
T0126,STN_06__STN_07,01:27,01:41,0,0
T0126,STN_07__STN_08,01:41,01:58,1,1
T0126,STN_08__STN_09,01:59,02:32,1,3
T0126,STN_09__STN_10,02:35,03:02,0,0
T0127,STN_05__STN_06,12:21,12:41,0,0
T0127,STN_06__STN_07,12:41,12:53,1,5
T0127,STN_07__STN_08,12:58,13:12,0,0
T0128,STN_04__STN_05,00:42,00:54,0,0
T0128,STN_05__STN_06,00:54,01:12,0,0
T0129,STN_06__STN_07,16:38,16:52,0,0
T0129,STN_05__STN_06,16:52,17:13,0,0
T0129,STN_04__STN_05,17:13,17:27,0,0
T0129,STN_03__STN_04,17:27,17:53,0,0
T0130,STN_06__STN_07,09:27,09:40,0,0
T0130,STN_05__STN_06,09:40,09:59,0,0
T0130,STN_04__STN_05,09:59,10:11,0,0
T0131,STN_07__STN_08,20:58,21:12,0,0
T0131,STN_06__STN_07,21:12,21:25,0,0
T0131,STN_05__STN_06,21:25,21:45,0,0
T0132,STN_05__STN_06,00:23,00:40,0,0
T0132,STN_06__STN_07,00:40,00:51,1,3
T0132,STN_07__STN_08,00:54,01:06,0,0
T0133,STN_05__STN_06,17:40,17:56,0,0
T0133,STN_04__STN_05,17:56,18:07,0,0
T0133,STN_03__STN_04,18:07,18:28,0,0
T0133,STN_02__STN_03,18:28,18:47,0,0
T0133,STN_01__STN_02,18:47,19:10,0,0
T0134,STN_02__STN_03,16:44,17:10,1,2
T0134,STN_03__STN_04,17:12,17:41,1,3
T0134,STN_04__STN_05,17:44,17:59,1,1
T0134,STN_05__STN_06,18:00,18:22,1,2
T0134,STN_06__STN_07,18:24,18:39,0,0
T0135,STN_08__STN_09,15:11,15:25,0,0
T0135,STN_07__STN_08,15:25,15:32,0,0
T0135,STN_06__STN_07,15:32,15:38,0,0
T0135,STN_05__STN_06,15:38,15:47,0,0
T0135,STN_04__STN_05,15:47,15:53,0,0
T0135,STN_03__STN_04,15:53,16:05,0,0
T0136,STN_05__STN_11,18:13,18:24,0,0
T0136,STN_04__STN_05,18:24,18:30,0,0
T0136,STN_03__STN_04,18:30,18:41,0,0
T0136,STN_02__STN_03,18:41,18:52,0,0
T0137,STN_04__STN_05,05:45,05:55,1,3
T0137,STN_05__STN_11,05:58,06:18,1,2
T0137,STN_11__STN_12,06:20,06:36,0,0
T0138,STN_09__STN_10,07:45,08:15,1,2
T0138,STN_08__STN_09,08:17,08:51,1,2
T0138,STN_07__STN_08,08:53,09:11,1,2
T0138,STN_06__STN_07,09:13,09:30,1,1
T0138,STN_05__STN_06,09:31,09:56,1,3
T0138,STN_05__STN_11,09:59,10:29,1,3
T0138,STN_11__STN_12,10:32,10:57,0,0
T0139,STN_08__STN_09,22:38,23:07,0,0
T0139,STN_07__STN_08,23:07,23:22,0,0
T0139,STN_06__STN_07,23:22,23:36,0,0
T0140,STN_08__STN_09,11:40,12:13,0,0
T0140,STN_07__STN_08,12:13,12:29,1,3
T0140,STN_06__STN_07,12:32,12:47,1,2
T0140,STN_05__STN_06,12:49,13:11,0,0
T0141,STN_02__STN_03,03:05,03:24,0,0
T0141,STN_03__STN_04,03:24,03:45,0,0
T0141,STN_04__STN_05,03:45,03:57,0,0
T0141,STN_05__STN_06,03:57,04:13,0,0
T0141,STN_06__STN_07,04:13,04:24,0,0
T0141,STN_07__STN_08,04:24,04:37,0,0
T0141,STN_08__STN_09,04:37,05:01,0,0
T0141,STN_09__STN_10,05:01,05:22,0,0
T0142,STN_09__STN_10,00:01,00:27,1,3
T0142,STN_08__STN_09,00:30,00:59,1,1
T0142,STN_07__STN_08,01:00,01:15,1,1
T0142,STN_06__STN_07,01:16,01:30,1,3
T0142,STN_05__STN_06,01:33,01:55,1,3
T0142,STN_05__STN_11,01:58,02:25,0,0
T0142,STN_11__STN_12,02:25,02:47,0,0
T0143,STN_05__STN_11,11:55,12:06,0,0
T0143,STN_05__STN_06,12:06,12:15,0,0
T0143,STN_06__STN_07,12:15,12:21,0,0
T0143,STN_07__STN_08,12:21,12:27,0,0
T0143,STN_08__STN_09,12:27,12:41,0,0
T0143,STN_09__STN_10,12:41,12:52,0,0
T0144,STN_05__STN_06,00:34,00:56,0,0
T0144,STN_06__STN_07,00:56,01:11,0,0
T0144,STN_07__STN_08,01:11,01:28,0,0
T0144,STN_08__STN_09,01:28,02:02,0,0
T0144,STN_09__STN_10,02:02,02:30,0,0
T0145,STN_05__STN_06,19:39,19:51,0,0
T0145,STN_04__STN_05,19:51,19:59,0,0
T0145,STN_03__STN_04,19:59,20:14,0,0
T0146,STN_03__STN_04,01:48,02:16,0,0
T0146,STN_04__STN_05,02:16,02:30,1,3
T0146,STN_05__STN_06,02:33,02:54,0,0
T0146,STN_06__STN_07,02:54,03:08,0,0
T0146,STN_07__STN_08,03:08,03:23,1,2
T0146,STN_08__STN_09,03:25,03:57,0,0
T0146,STN_09__STN_10,03:57,04:24,0,0
T0147,STN_05__STN_06,12:03,12:27,1,2
T0147,STN_05__STN_11,12:29,12:59,1,3
T0147,STN_11__STN_12,13:02,13:29,0,0
T0148,STN_09__STN_10,11:28,11:50,1,2
T0148,STN_08__STN_09,11:52,12:17,1,2
T0148,STN_07__STN_08,12:19,12:31,0,0
T0148,STN_06__STN_07,12:31,12:42,0,0
T0148,STN_05__STN_06,12:42,12:59,1,3
T0148,STN_04__STN_05,13:02,13:13,0,0
T0149,STN_08__STN_09,16:20,16:58,0,0
T0149,STN_07__STN_08,16:58,17:17,0,0
T0149,STN_06__STN_07,17:17,17:35,0,0
T0149,STN_05__STN_06,17:35,18:01,0,0
T0149,STN_05__STN_11,18:01,18:35,0,0
T0149,STN_11__STN_12,18:35,19:03,0,0
T0150,STN_01__STN_02,08:30,09:01,1,1
T0150,STN_02__STN_03,09:02,09:29,1,2
T0150,STN_03__STN_04,09:31,10:01,1,1
T0150,STN_04__STN_05,10:02,10:18,1,1
T0150,STN_05__STN_06,10:19,10:42,1,3
T0150,STN_06__STN_07,10:45,11:01,0,0
T0150,STN_07__STN_08,11:01,11:18,0,0
T0151,STN_05__STN_06,10:08,10:36,0,0
T0151,STN_06__STN_07,10:36,10:55,0,0
T0152,STN_06__STN_07,03:18,03:31,0,0
T0152,STN_05__STN_06,03:31,03:49,0,0
T0152,STN_04__STN_05,03:49,04:01,0,0
T0152,STN_03__STN_04,04:01,04:24,1,1
T0152,STN_02__STN_03,04:25,04:47,0,0
T0153,STN_07__STN_08,22:35,22:50,1,1
T0153,STN_06__STN_07,22:51,23:04,1,2
T0153,STN_05__STN_06,23:06,23:26,0,0
T0153,STN_05__STN_11,23:26,23:52,0,0
T0154,STN_07__STN_08,04:32,04:39,1,6
T0154,STN_08__STN_09,04:45,04:59,0,0
T0154,STN_09__STN_10,04:59,05:12,0,0
T0155,STN_01__STN_02,18:58,19:11,1,2
T0155,STN_02__STN_03,19:13,19:24,0,0
T0155,STN_03__STN_04,19:24,19:36,0,0
T0155,STN_04__STN_05,19:36,19:42,0,0
T0155,STN_05__STN_06,19:42,19:52,0,0
T0155,STN_06__STN_07,19:52,19:58,0,0
T0156,STN_08__STN_09,18:06,18:31,1,7
T0156,STN_07__STN_08,18:38,18:51,0,0
T0156,STN_06__STN_07,18:51,19:03,0,0
T0156,STN_05__STN_06,19:03,19:21,0,0
T0156,STN_04__STN_05,19:21,19:33,0,0
T0157,STN_06__STN_07,14:14,14:23,0,0
T0157,STN_05__STN_06,14:23,14:37,0,0
T0157,STN_04__STN_05,14:37,14:46,0,0
T0157,STN_03__STN_04,14:46,15:04,0,0
T0158,STN_03__STN_04,12:17,12:41,0,0
T0158,STN_04__STN_05,12:41,12:53,0,0
T0158,STN_05__STN_06,12:53,13:12,0,0
T0158,STN_06__STN_07,13:12,13:25,0,0
T0159,STN_05__STN_11,00:34,00:47,1,6
T0159,STN_05__STN_06,00:53,01:04,0,0
T0159,STN_06__STN_07,01:04,01:11,0,0
T0159,STN_07__STN_08,01:11,01:19,0,0
T0159,STN_08__STN_09,01:19,01:34,0,0
T0159,STN_09__STN_10,01:34,01:48,0,0
T0160,STN_07__STN_08,03:44,03:51,1,3
T0160,STN_06__STN_07,03:54,04:00,0,0
T0160,STN_05__STN_06,04:00,04:09,0,0
T0160,STN_04__STN_05,04:09,04:15,0,0
T0161,STN_02__STN_03,20:01,20:16,1,4
T0161,STN_03__STN_04,20:20,20:36,1,7
T0161,STN_04__STN_05,20:43,20:52,0,0
T0161,STN_05__STN_11,20:52,21:08,1,7
T0161,STN_11__STN_12,21:15,21:29,0,0
T0162,STN_04__STN_05,11:51,12:06,0,0
T0162,STN_05__STN_06,12:06,12:28,0,0
T0163,STN_07__STN_08,01:54,02:06,1,3
T0163,STN_06__STN_07,02:09,02:20,1,3
T0163,STN_05__STN_06,02:23,02:39,1,3
T0163,STN_05__STN_11,02:42,03:03,0,0
T0163,STN_11__STN_12,03:03,03:20,0,0
T0164,STN_05__STN_11,04:13,04:47,0,0
T0164,STN_04__STN_05,04:47,05:04,0,0
T0164,STN_03__STN_04,05:04,05:36,0,0
T0164,STN_02__STN_03,05:36,06:06,0,0
T0164,STN_01__STN_02,06:06,06:42,0,0
T0165,STN_05__STN_11,04:32,04:54,1,1
T0165,STN_05__STN_06,04:55,05:12,1,3
T0165,STN_06__STN_07,05:15,05:28,1,3
T0165,STN_07__STN_08,05:31,05:44,0,0
T0166,STN_08__STN_09,12:13,12:48,0,0
T0166,STN_07__STN_08,12:48,13:07,0,0
T0166,STN_06__STN_07,13:07,13:23,0,0
T0166,STN_05__STN_06,13:23,13:48,0,0
T0166,STN_04__STN_05,13:48,14:05,0,0
T0166,STN_03__STN_04,14:05,14:37,0,0
T0167,STN_05__STN_11,07:11,07:34,0,0
T0167,STN_04__STN_05,07:34,07:46,0,0
T0167,STN_03__STN_04,07:46,08:09,1,11
T0167,STN_02__STN_03,08:20,08:41,0,0
T0167,STN_01__STN_02,08:41,09:06,0,0
T0168,STN_01__STN_02,11:12,11:39,0,0
T0168,STN_02__STN_03,11:39,12:01,0,0
T0168,STN_03__STN_04,12:01,12:27,0,0
T0169,STN_05__STN_11,10:07,10:34,1,1
T0169,STN_04__STN_05,10:35,10:49,1,3
T0169,STN_03__STN_04,10:52,11:19,0,0
T0169,STN_02__STN_03,11:19,11:42,1,3
T0169,STN_01__STN_02,11:45,12:13,0,0
T0170,STN_08__STN_09,17:06,17:23,1,8
T0170,STN_07__STN_08,17:31,17:39,1,5
T0170,STN_06__STN_07,17:44,17:51,0,0
T0171,STN_02__STN_03,00:39,00:56,0,0
T0171,STN_03__STN_04,00:56,01:15,1,1
T0171,STN_04__STN_05,01:16,01:26,1,2
T0171,STN_05__STN_06,01:28,01:43,0,0
T0172,STN_03__STN_04,23:59,00:13,1,7
T0172,STN_04__STN_05,00:20,00:27,1,3
T0172,STN_05__STN_11,00:30,00:43,0,0
T0173,STN_05__STN_11,17:17,17:29,1,2
T0173,STN_04__STN_05,17:31,17:38,0,0
T0173,STN_03__STN_04,17:38,17:51,0,0
T0174,STN_03__STN_04,19:19,19:34,0,0
T0174,STN_04__STN_05,19:34,19:42,1,6
T0174,STN_05__STN_06,19:48,20:00,0,0
T0174,STN_06__STN_07,20:00,20:08,0,0
T0175,STN_02__STN_03,23:05,23:22,0,0
T0175,STN_03__STN_04,23:22,23:40,1,6
T0175,STN_04__STN_05,23:46,23:55,1,5
T0175,STN_05__STN_11,00:00,00:18,1,6
T0175,STN_11__STN_12,00:24,00:39,0,0
T0176,STN_02__STN_03,12:35,12:49,0,0
T0176,STN_03__STN_04,12:49,13:04,0,0
T0176,STN_04__STN_05,13:04,13:12,1,3
T0176,STN_05__STN_06,13:15,13:27,0,0
T0177,STN_07__STN_08,18:41,18:50,0,0
T0177,STN_06__STN_07,18:50,18:59,0,0
T0178,STN_09__STN_10,10:51,11:05,1,5
T0178,STN_08__STN_09,11:10,11:27,1,5
T0178,STN_07__STN_08,11:32,11:40,0,0
T0178,STN_06__STN_07,11:40,11:47,1,5
T0178,STN_05__STN_06,11:52,12:03,0,0
T0178,STN_05__STN_11,12:03,12:17,0,0
T0178,STN_11__STN_12,12:17,12:28,0,0
T0179,STN_11__STN_12,11:09,11:35,1,3
T0179,STN_05__STN_11,11:38,12:08,0,0
T0179,STN_05__STN_06,12:08,12:33,1,1
T0179,STN_06__STN_07,12:34,12:51,1,3
T0179,STN_07__STN_08,12:54,13:12,0,0
T0180,STN_02__STN_03,00:24,00:46,1,3
T0180,STN_03__STN_04,00:49,01:14,0,0
T0180,STN_04__STN_05,01:14,01:27,1,2
T0180,STN_05__STN_06,01:29,01:48,0,0
T0180,STN_06__STN_07,01:48,02:01,0,0
T0180,STN_07__STN_08,02:01,02:14,0,0
T0181,STN_05__STN_06,02:05,02:17,1,8
T0181,STN_04__STN_05,02:25,02:33,1,5
T0181,STN_03__STN_04,02:38,02:54,0,0
T0182,STN_02__STN_03,11:34,12:02,1,3
T0182,STN_03__STN_04,12:05,12:37,1,2
T0182,STN_04__STN_05,12:39,12:55,0,0
T0183,STN_11__STN_12,09:08,09:26,1,1
T0183,STN_05__STN_11,09:27,09:48,0,0
T0183,STN_05__STN_06,09:48,10:04,0,0
T0183,STN_06__STN_07,10:04,10:16,1,2
T0183,STN_07__STN_08,10:18,10:30,1,2
T0183,STN_08__STN_09,10:32,10:57,0,0
T0184,STN_11__STN_12,14:53,15:03,1,2
T0184,STN_05__STN_11,15:05,15:17,0,0
T0184,STN_05__STN_06,15:17,15:26,0,0
T0184,STN_06__STN_07,15:26,15:33,0,0
T0184,STN_07__STN_08,15:33,15:40,0,0
T0185,STN_08__STN_09,19:46,20:14,1,1
T0185,STN_07__STN_08,20:15,20:29,0,0
T0186,STN_01__STN_02,00:57,01:23,1,2
T0186,STN_02__STN_03,01:25,01:46,1,1
T0186,STN_03__STN_04,01:47,02:11,1,1
T0186,STN_04__STN_05,02:12,02:25,1,3
T0186,STN_05__STN_11,02:28,02:51,1,2
T0186,STN_11__STN_12,02:53,03:13,0,0
T0187,STN_08__STN_09,14:41,15:08,1,3
T0187,STN_07__STN_08,15:11,15:24,1,2
T0187,STN_06__STN_07,15:26,15:38,0,0
T0187,STN_05__STN_06,15:38,15:56,1,3
T0187,STN_05__STN_11,15:59,16:22,0,0
T0188,STN_02__STN_03,14:25,14:47,1,1
T0188,STN_03__STN_04,14:48,15:13,0,0
T0189,STN_09__STN_10,18:26,18:54,1,3
T0189,STN_08__STN_09,18:57,19:31,0,0
T0189,STN_07__STN_08,19:31,19:47,0,0
T0190,STN_06__STN_07,01:08,01:15,0,0
T0190,STN_07__STN_08,01:15,01:23,0,0
T0191,STN_07__STN_08,21:15,21:22,0,0
T0191,STN_08__STN_09,21:22,21:36,0,0
T0192,STN_07__STN_08,06:49,07:03,1,1
T0192,STN_06__STN_07,07:04,07:16,1,3
T0192,STN_05__STN_06,07:19,07:37,1,3
T0192,STN_04__STN_05,07:40,07:52,1,3
T0192,STN_03__STN_04,07:55,08:18,0,0
T0193,STN_08__STN_09,22:30,23:01,1,3
T0193,STN_07__STN_08,23:04,23:19,1,2
T0193,STN_06__STN_07,23:21,23:34,0,0
T0194,STN_01__STN_02,12:58,13:20,0,0
T0194,STN_02__STN_03,13:20,13:39,0,0
T0194,STN_03__STN_04,13:39,14:01,0,0
T0194,STN_04__STN_05,14:01,14:13,0,0
T0194,STN_05__STN_06,14:13,14:30,0,0
T0194,STN_06__STN_07,14:30,14:41,0,0
T0194,STN_07__STN_08,14:41,14:53,0,0
T0195,STN_01__STN_02,15:58,16:18,1,4
T0195,STN_02__STN_03,16:22,16:39,0,0
T0195,STN_03__STN_04,16:39,16:58,1,7
T0195,STN_04__STN_05,17:05,17:15,0,0
T0195,STN_05__STN_06,17:15,17:29,0,0
T0195,STN_06__STN_07,17:29,17:39,0,0
T0195,STN_07__STN_08,17:39,17:50,0,0
T0195,STN_08__STN_09,17:50,18:11,0,0
T0195,STN_09__STN_10,18:11,18:30,0,0
T0196,STN_04__STN_05,17:24,17:34,1,2
T0196,STN_05__STN_11,17:36,17:55,0,0
T0197,STN_05__STN_11,17:45,18:05,1,5
T0197,STN_04__STN_05,18:10,18:21,1,7
T0197,STN_03__STN_04,18:28,18:47,0,0
T0197,STN_02__STN_03,18:47,19:05,0,0
T0198,STN_11__STN_12,06:09,06:29,1,2
T0198,STN_05__STN_11,06:31,06:55,1,2
T0198,STN_05__STN_06,06:57,07:16,0,0
T0199,STN_03__STN_04,20:33,20:49,0,0
T0199,STN_04__STN_05,20:49,20:58,1,8
T0199,STN_05__STN_06,21:06,21:19,1,3
T0199,STN_06__STN_07,21:22,21:31,1,6
T0199,STN_07__STN_08,21:37,21:46,0,0
T0199,STN_08__STN_09,21:46,22:04,0,0
T0199,STN_09__STN_10,22:04,22:20,0,0
T0200,STN_04__STN_05,02:20,02:34,1,3
T0200,STN_03__STN_04,02:37,03:06,1,2
T0200,STN_02__STN_03,03:08,03:33,0,0
T0201,STN_04__STN_05,02:22,02:32,1,1
T0201,STN_05__STN_06,02:33,02:48,1,1
T0201,STN_06__STN_07,02:49,02:59,0,0
T0202,STN_11__STN_12,08:06,08:34,1,1
T0202,STN_05__STN_11,08:35,09:06,1,1
T0202,STN_05__STN_06,09:07,09:32,0,0
T0203,STN_03__STN_04,08:32,08:46,0,0
T0203,STN_04__STN_05,08:46,08:53,0,0
T0203,STN_05__STN_06,08:53,09:04,1,4
T0203,STN_06__STN_07,09:08,09:15,0,0
T0204,STN_07__STN_08,03:26,03:42,1,1
T0204,STN_08__STN_09,03:43,04:15,1,3
T0204,STN_09__STN_10,04:18,04:46,0,0
T0205,STN_02__STN_03,22:53,23:18,0,0
T0205,STN_03__STN_04,23:18,23:45,0,0
T0206,STN_04__STN_05,00:42,01:01,0,0
T0206,STN_05__STN_06,01:01,01:29,1,8
T0206,STN_06__STN_07,01:37,01:56,0,0
T0206,STN_07__STN_08,01:56,02:17,0,0
T0206,STN_08__STN_09,02:17,02:59,0,0
T0207,STN_05__STN_06,17:12,17:34,0,0
T0207,STN_04__STN_05,17:34,17:48,0,0
T0207,STN_03__STN_04,17:48,18:16,0,0
T0208,STN_09__STN_10,04:28,04:49,1,5
T0208,STN_08__STN_09,04:54,05:20,0,0
T0208,STN_07__STN_08,05:20,05:32,0,0
T0208,STN_06__STN_07,05:32,05:43,0,0
T0208,STN_05__STN_06,05:43,06:00,0,0
T0208,STN_04__STN_05,06:00,06:11,0,0
T0208,STN_03__STN_04,06:11,06:31,1,8
T0208,STN_02__STN_03,06:39,06:59,0,0
T0209,STN_07__STN_08,01:39,01:47,0,0
T0209,STN_08__STN_09,01:47,02:03,0,0
T0209,STN_09__STN_10,02:03,02:17,0,0
T0210,STN_01__STN_02,06:56,07:29,0,0
T0210,STN_02__STN_03,07:29,07:56,1,7
T0210,STN_03__STN_04,08:03,08:32,0,0
T0211,STN_01__STN_02,20:56,21:18,1,3
T0211,STN_02__STN_03,21:21,21:39,0,0
T0212,STN_05__STN_11,08:01,08:16,1,6
T0212,STN_11__STN_12,08:22,08:34,0,0
T0213,STN_09__STN_10,06:37,06:49,0,0
T0213,STN_08__STN_09,06:49,07:03,0,0
T0213,STN_07__STN_08,07:03,07:10,1,2
T0213,STN_06__STN_07,07:12,07:19,0,0
T0213,STN_05__STN_06,07:19,07:28,0,0
T0213,STN_05__STN_11,07:28,07:40,0,0
T0214,STN_03__STN_04,20:06,20:41,0,0
T0214,STN_02__STN_03,20:41,21:12,0,0
T0214,STN_01__STN_02,21:12,21:48,0,0
T0215,STN_06__STN_07,14:59,15:10,0,0
T0215,STN_05__STN_06,15:10,15:27,0,0
T0215,STN_04__STN_05,15:27,15:39,0,0
T0216,STN_01__STN_02,11:37,11:50,0,0
T0216,STN_02__STN_03,11:50,12:02,0,0
T0217,STN_05__STN_06,22:52,23:02,0,0
T0217,STN_04__STN_05,23:02,23:09,0,0
T0217,STN_03__STN_04,23:09,23:23,1,4
T0217,STN_02__STN_03,23:27,23:39,0,0
T0218,STN_04__STN_05,22:39,22:50,1,1
T0218,STN_05__STN_11,22:51,23:11,1,3
T0218,STN_11__STN_12,23:14,23:30,0,0
T0219,STN_05__STN_06,02:26,02:54,0,0
T0219,STN_04__STN_05,02:54,03:13,0,0
T0219,STN_03__STN_04,03:13,03:50,0,0
T0219,STN_02__STN_03,03:50,04:23,0,0
T0219,STN_01__STN_02,04:23,04:59,0,0
T0220,STN_04__STN_05,18:05,18:16,1,8
T0220,STN_05__STN_06,18:24,18:40,1,4
T0220,STN_06__STN_07,18:44,18:55,1,7
T0220,STN_07__STN_08,19:02,19:14,1,4
T0220,STN_08__STN_09,19:18,19:41,0,0
T0221,STN_06__STN_07,15:08,15:17,1,3
T0221,STN_05__STN_06,15:20,15:35,1,7
T0221,STN_05__STN_11,15:42,15:59,1,6
T0221,STN_11__STN_12,16:05,16:20,0,0
T0222,STN_05__STN_06,19:25,19:42,1,1
T0222,STN_04__STN_05,19:43,19:54,0,0
T0223,STN_09__STN_10,11:20,11:49,0,0
T0223,STN_08__STN_09,11:49,12:21,0,0
T0223,STN_07__STN_08,12:21,12:37,0,0
T0223,STN_06__STN_07,12:37,12:52,0,0
T0223,STN_05__STN_06,12:52,13:16,1,11
T0223,STN_04__STN_05,13:27,13:42,0,0
T0223,STN_03__STN_04,13:42,14:11,1,6
T0223,STN_02__STN_03,14:17,14:43,0,0
T0223,STN_01__STN_02,14:43,15:12,0,0
T0224,STN_05__STN_11,23:52,00:22,0,0
T0224,STN_04__STN_05,00:22,00:37,0,0
T0224,STN_03__STN_04,00:37,01:06,0,0
T0224,STN_02__STN_03,01:06,01:33,0,0
T0225,STN_05__STN_06,05:27,05:37,1,6
T0225,STN_04__STN_05,05:43,05:49,0,0
T0225,STN_03__STN_04,05:49,06:01,0,0
T0225,STN_02__STN_03,06:01,06:11,0,0
T0226,STN_03__STN_04,13:33,13:47,1,7
T0226,STN_04__STN_05,13:54,14:01,0,0
T0227,STN_05__STN_06,08:41,08:55,0,0
T0227,STN_06__STN_07,08:55,09:05,0,0
T0228,STN_08__STN_09,17:03,17:21,1,7
T0228,STN_07__STN_08,17:28,17:37,1,7
T0228,STN_06__STN_07,17:44,17:52,1,4
T0228,STN_05__STN_06,17:56,18:07,1,3
T0228,STN_04__STN_05,18:10,18:18,0,0
T0228,STN_03__STN_04,18:18,18:32,0,0
T0228,STN_02__STN_03,18:32,18:45,0,0
T0228,STN_01__STN_02,18:45,19:01,0,0
T0229,STN_04__STN_05,12:13,12:30,0,0
T0229,STN_05__STN_11,12:30,13:04,0,0
T0230,STN_04__STN_05,17:15,17:21,0,0
T0230,STN_05__STN_06,17:21,17:30,1,6
T0230,STN_06__STN_07,17:36,17:42,0,0
T0230,STN_07__STN_08,17:42,17:49,0,0
T0230,STN_08__STN_09,17:49,18:02,0,0
T0230,STN_09__STN_10,18:02,18:13,0,0
T0231,STN_04__STN_05,22:30,22:36,0,0
T0231,STN_05__STN_06,22:36,22:45,1,3
T0231,STN_06__STN_07,22:48,22:54,0,0
T0231,STN_07__STN_08,22:54,23:00,0,0
T0232,STN_03__STN_04,10:03,10:23,0,0
T0232,STN_04__STN_05,10:23,10:33,1,3
T0232,STN_05__STN_06,10:36,10:52,0,0
T0233,STN_08__STN_09,06:28,06:45,0,0
T0233,STN_07__STN_08,06:45,06:54,1,4
T0233,STN_06__STN_07,06:58,07:06,0,0
T0234,STN_06__STN_07,20:37,20:49,0,0
T0234,STN_05__STN_06,20:49,21:07,0,0
T0234,STN_05__STN_11,21:07,21:29,0,0
T0235,STN_05__STN_11,09:59,10:25,1,2
T0235,STN_05__STN_06,10:27,10:47,1,3
T0235,STN_06__STN_07,10:50,11:05,1,3
T0235,STN_07__STN_08,11:08,11:23,1,3
T0235,STN_08__STN_09,11:26,11:56,1,2
T0235,STN_09__STN_10,11:58,12:24,0,0
T0236,STN_03__STN_04,07:01,07:28,1,3
T0236,STN_04__STN_05,07:31,07:46,1,2
T0236,STN_05__STN_11,07:48,08:14,0,0
T0237,STN_04__STN_05,04:02,04:14,1,2
T0237,STN_03__STN_04,04:16,04:42,0,0
T0237,STN_02__STN_03,04:42,05:04,0,0
T0238,STN_06__STN_07,20:21,20:30,1,8
T0238,STN_05__STN_06,20:38,20:51,1,3
T0238,STN_04__STN_05,20:54,21:02,1,3
T0238,STN_03__STN_04,21:05,21:21,1,6
T0238,STN_02__STN_03,21:27,21:41,0,0
T0239,STN_02__STN_03,00:16,00:27,0,0
T0239,STN_03__STN_04,00:27,00:39,0,0
T0239,STN_04__STN_05,00:39,00:45,0,0
T0239,STN_05__STN_06,00:45,00:54,0,0
T0240,STN_06__STN_07,22:54,23:01,0,0
T0240,STN_05__STN_06,23:01,23:12,1,3
T0240,STN_05__STN_11,23:15,23:28,0,0
T0240,STN_11__STN_12,23:28,23:40,0,0
T0241,STN_05__STN_06,18:35,18:58,0,0
T0241,STN_04__STN_05,18:58,19:14,1,1
T0241,STN_03__STN_04,19:15,19:44,1,2
T0241,STN_02__STN_03,19:46,20:15,1,1
T0241,STN_01__STN_02,20:16,20:48,0,0
T0242,STN_02__STN_03,22:34,22:49,1,6
T0242,STN_03__STN_04,22:55,23:12,1,5
T0242,STN_04__STN_05,23:17,23:26,1,5
T0242,STN_05__STN_11,23:31,23:48,0,0
T0243,STN_05__STN_11,06:55,07:07,0,0
T0243,STN_04__STN_05,07:07,07:13,0,0
T0243,STN_03__STN_04,07:13,07:25,1,5
T0243,STN_02__STN_03,07:30,07:41,0,0
T0244,STN_05__STN_11,23:32,23:55,1,1
T0244,STN_05__STN_06,23:56,00:13,0,0
T0244,STN_06__STN_07,00:13,00:24,1,3
T0244,STN_07__STN_08,00:27,00:40,0,0
T0245,STN_07__STN_08,09:42,09:55,0,0
T0245,STN_06__STN_07,09:55,10:06,1,3
T0245,STN_05__STN_06,10:09,10:26,0,0
T0245,STN_04__STN_05,10:26,10:37,0,0
T0245,STN_03__STN_04,10:37,10:58,0,0
T0246,STN_07__STN_08,17:33,17:45,0,0
T0246,STN_08__STN_09,17:45,18:09,0,0
T0247,STN_11__STN_12,00:03,00:33,0,0
T0247,STN_05__STN_11,00:33,01:09,0,0
T0247,STN_05__STN_06,01:09,01:38,0,0
T0247,STN_06__STN_07,01:38,01:58,0,0
T0247,STN_07__STN_08,01:58,02:19,0,0
T0247,STN_08__STN_09,02:19,03:00,0,0
T0247,STN_09__STN_10,03:00,03:35,0,0
T0248,STN_05__STN_11,23:31,23:55,1,2
T0248,STN_05__STN_06,23:57,00:16,1,3
T0248,STN_06__STN_07,00:19,00:32,1,2
T0248,STN_07__STN_08,00:34,00:48,0,0
T0249,STN_01__STN_02,14:20,14:34,0,0
T0249,STN_02__STN_03,14:34,14:46,0,0
T0249,STN_03__STN_04,14:46,15:00,1,4
T0249,STN_04__STN_05,15:04,15:11,0,0
T0249,STN_05__STN_06,15:11,15:22,0,0
T0250,STN_09__STN_10,07:02,07:19,1,6
T0250,STN_08__STN_09,07:25,07:45,0,0
T0250,STN_07__STN_08,07:45,07:55,0,0
T0250,STN_06__STN_07,07:55,08:04,1,5
T0250,STN_05__STN_06,08:09,08:23,1,7
T0250,STN_05__STN_11,08:30,08:48,0,0
T0251,STN_03__STN_04,12:30,12:41,1,4
T0251,STN_02__STN_03,12:45,12:56,0,0
T0251,STN_01__STN_02,12:56,13:09,0,0
T0252,STN_02__STN_03,05:02,05:20,1,2
T0252,STN_03__STN_04,05:22,05:42,0,0
T0252,STN_04__STN_05,05:42,05:53,1,1
T0252,STN_05__STN_11,05:54,06:16,0,0
T0253,STN_11__STN_12,13:43,13:55,1,7
T0253,STN_05__STN_11,14:02,14:17,1,4
T0253,STN_04__STN_05,14:21,14:29,0,0
T0253,STN_03__STN_04,14:29,14:43,1,3
T0253,STN_02__STN_03,14:46,14:59,0,0
T0254,STN_01__STN_02,08:30,08:54,0,0
T0254,STN_02__STN_03,08:54,09:13,0,0
T0254,STN_03__STN_04,09:13,09:36,0,0
T0254,STN_04__STN_05,09:36,09:48,0,0
T0254,STN_05__STN_06,09:48,10:06,0,0
T0254,STN_06__STN_07,10:06,10:18,0,0
T0254,STN_07__STN_08,10:18,10:31,0,0
T0255,STN_09__STN_10,23:57,00:15,1,3
T0255,STN_08__STN_09,00:18,00:41,0,0
T0255,STN_07__STN_08,00:41,00:52,0,0
T0256,STN_02__STN_03,06:10,06:33,1,2
T0256,STN_03__STN_04,06:35,07:01,1,3
T0256,STN_04__STN_05,07:04,07:18,1,1
T0256,STN_05__STN_06,07:19,07:39,1,1
T0256,STN_06__STN_07,07:40,07:54,0,0
T0256,STN_07__STN_08,07:54,08:09,0,0
T0257,STN_03__STN_04,04:52,05:13,0,0
T0257,STN_04__STN_05,05:13,05:24,1,2
T0257,STN_05__STN_11,05:26,05:47,1,3
T0257,STN_11__STN_12,05:50,06:08,0,0
T0258,STN_04__STN_05,22:14,22:22,1,8
T0258,STN_05__STN_11,22:30,22:45,0,0
T0259,STN_05__STN_11,10:10,10:29,1,8
T0259,STN_05__STN_06,10:37,10:52,0,0
T0259,STN_06__STN_07,10:52,11:02,1,8
T0259,STN_07__STN_08,11:10,11:22,0,0
T0259,STN_08__STN_09,11:22,11:44,0,0
T0260,STN_05__STN_06,15:18,15:29,1,6
T0260,STN_06__STN_07,15:35,15:43,0,0
T0261,STN_05__STN_11,23:48,00:07,1,1
T0261,STN_05__STN_06,00:08,00:23,0,0
T0261,STN_06__STN_07,00:23,00:33,1,1
T0261,STN_07__STN_08,00:34,00:45,1,1
T0261,STN_08__STN_09,00:46,01:07,0,0
T0261,STN_09__STN_10,01:07,01:26,0,0
T0262,STN_05__STN_06,10:09,10:35,0,0
T0262,STN_05__STN_11,10:35,11:08,0,0
T0262,STN_11__STN_12,11:08,11:35,0,0
T0263,STN_09__STN_10,20:42,20:54,0,0
T0263,STN_08__STN_09,20:54,21:07,0,0
T0263,STN_07__STN_08,21:07,21:14,0,0
T0263,STN_06__STN_07,21:14,21:20,1,3
T0263,STN_05__STN_06,21:23,21:32,0,0
T0263,STN_04__STN_05,21:32,21:38,0,0
T0263,STN_03__STN_04,21:38,21:50,0,0
T0264,STN_11__STN_12,14:39,14:49,0,0
T0264,STN_05__STN_11,14:49,15:02,0,0
T0264,STN_05__STN_06,15:02,15:12,0,0
T0265,STN_07__STN_08,21:45,21:56,1,8
T0265,STN_06__STN_07,22:04,22:14,1,6
T0265,STN_05__STN_06,22:20,22:34,1,6
T0265,STN_05__STN_11,22:40,22:57,1,4
T0265,STN_11__STN_12,23:01,23:16,0,0
T0266,STN_05__STN_06,02:12,02:21,0,0
T0266,STN_05__STN_11,02:21,02:32,0,0
T0266,STN_11__STN_12,02:32,02:41,0,0
T0267,STN_05__STN_11,02:18,02:50,1,1
T0267,STN_04__STN_05,02:51,03:07,1,3
T0267,STN_03__STN_04,03:10,03:40,1,1
T0267,STN_02__STN_03,03:41,04:09,0,0
T0268,STN_06__STN_07,07:26,07:40,1,3
T0268,STN_05__STN_06,07:43,08:04,1,1
T0268,STN_05__STN_11,08:05,08:31,0,0
T0269,STN_07__STN_08,00:47,01:01,1,3
T0269,STN_06__STN_07,01:04,01:18,1,2
T0269,STN_05__STN_06,01:20,01:40,1,2
T0269,STN_04__STN_05,01:42,01:56,0,0
T0270,STN_05__STN_06,04:05,04:22,1,1
T0270,STN_04__STN_05,04:23,04:35,0,0
T0271,STN_02__STN_03,06:33,06:59,1,2
T0271,STN_03__STN_04,07:01,07:30,1,2
T0271,STN_04__STN_05,07:32,07:47,1,1
T0271,STN_05__STN_06,07:48,08:11,0,0
T0271,STN_06__STN_07,08:11,08:26,1,2
T0271,STN_07__STN_08,08:28,08:45,1,1
T0271,STN_08__STN_09,08:46,09:18,0,0
T0272,STN_03__STN_04,16:12,16:25,0,0
T0272,STN_04__STN_05,16:25,16:31,0,0
T0272,STN_05__STN_06,16:31,16:41,0,0
T0273,STN_07__STN_08,17:09,17:21,1,6
T0273,STN_06__STN_07,17:27,17:38,0,0
T0273,STN_05__STN_06,17:38,17:53,0,0
T0274,STN_07__STN_08,20:28,20:46,1,1
T0274,STN_08__STN_09,20:47,21:23,1,3
T0274,STN_09__STN_10,21:26,21:55,0,0
T0275,STN_11__STN_12,20:29,20:46,1,2
T0275,STN_05__STN_11,20:48,21:07,1,3
T0275,STN_04__STN_05,21:10,21:20,1,3
T0275,STN_03__STN_04,21:23,21:42,0,0
T0276,STN_09__STN_10,02:51,03:12,1,3
T0276,STN_08__STN_09,03:15,03:38,1,3
T0276,STN_07__STN_08,03:41,03:53,1,3
T0276,STN_06__STN_07,03:56,04:07,1,3
T0276,STN_05__STN_06,04:10,04:26,1,1
T0276,STN_04__STN_05,04:27,04:38,0,0
T0277,STN_07__STN_08,12:13,12:20,1,6
T0277,STN_06__STN_07,12:26,12:32,0,0
T0278,STN_03__STN_04,19:40,20:04,1,1
T0278,STN_02__STN_03,20:05,20:27,0,0
T0279,STN_07__STN_08,02:18,02:34,1,1
T0279,STN_06__STN_07,02:35,02:50,1,1
T0279,STN_05__STN_06,02:51,03:15,0,0
T0279,STN_05__STN_11,03:15,03:45,0,0
T0279,STN_11__STN_12,03:45,04:10,0,0
T0280,STN_01__STN_02,19:30,19:54,1,3
T0280,STN_02__STN_03,19:57,20:18,1,3
T0280,STN_03__STN_04,20:21,20:44,0,0
T0281,STN_03__STN_04,15:39,15:51,0,0
T0281,STN_02__STN_03,15:51,16:02,0,0
T0281,STN_01__STN_02,16:02,16:15,0,0
T0282,STN_03__STN_04,08:47,08:59,0,0
T0282,STN_04__STN_05,08:59,09:05,1,3
T0282,STN_05__STN_06,09:08,09:17,0,0
T0282,STN_06__STN_07,09:17,09:23,0,0
T0282,STN_07__STN_08,09:23,09:30,0,0
T0283,STN_06__STN_07,01:36,01:52,1,2
T0283,STN_05__STN_06,01:54,02:17,1,3
T0283,STN_04__STN_05,02:20,02:35,1,3
T0283,STN_03__STN_04,02:38,03:08,1,2
T0283,STN_02__STN_03,03:10,03:37,1,3
T0283,STN_01__STN_02,03:40,04:11,0,0
T0284,STN_09__STN_10,08:22,08:43,0,0
T0284,STN_08__STN_09,08:43,09:09,0,0
T0284,STN_07__STN_08,09:09,09:22,0,0
T0284,STN_06__STN_07,09:22,09:34,0,0
T0284,STN_05__STN_06,09:34,09:51,0,0
T0284,STN_04__STN_05,09:51,10:02,0,0
T0284,STN_03__STN_04,10:02,10:25,0,0
T0285,STN_08__STN_09,03:56,04:11,0,0
T0285,STN_07__STN_08,04:11,04:18,0,0
T0285,STN_06__STN_07,04:18,04:24,1,4
T0285,STN_05__STN_06,04:28,04:38,0,0
T0286,STN_03__STN_04,22:31,23:04,0,0
T0286,STN_04__STN_05,23:04,23:20,0,0
T0286,STN_05__STN_06,23:20,23:45,0,0
T0286,STN_06__STN_07,23:45,00:02,0,0
T0286,STN_07__STN_08,00:02,00:21,0,0
T0286,STN_08__STN_09,00:21,00:58,0,0
T0287,STN_01__STN_02,07:38,07:59,0,0
T0287,STN_02__STN_03,07:59,08:18,0,0
T0287,STN_03__STN_04,08:18,08:39,0,0
T0287,STN_04__STN_05,08:39,08:50,0,0
T0287,STN_05__STN_06,08:50,09:07,0,0
T0287,STN_06__STN_07,09:07,09:18,0,0
T0287,STN_07__STN_08,09:18,09:30,0,0
T0287,STN_08__STN_09,09:30,09:53,0,0
T0288,STN_08__STN_09,02:05,02:30,0,0
T0288,STN_07__STN_08,02:30,02:43,0,0
T0288,STN_06__STN_07,02:43,02:54,0,0
T0288,STN_05__STN_06,02:54,03:12,0,0
T0288,STN_04__STN_05,03:12,03:24,0,0
T0289,STN_08__STN_09,04:26,04:59,0,0
T0289,STN_07__STN_08,04:59,05:16,0,0
T0289,STN_06__STN_07,05:16,05:31,0,0
T0289,STN_05__STN_06,05:31,05:53,0,0
T0289,STN_04__STN_05,05:53,06:07,0,0
T0289,STN_03__STN_04,06:07,06:35,0,0
T0289,STN_02__STN_03,06:35,07:00,0,0
T0289,STN_01__STN_02,07:00,07:29,0,0
T0290,STN_11__STN_12,08:04,08:32,0,0
T0290,STN_05__STN_11,08:32,09:06,0,0
T0290,STN_05__STN_06,09:06,09:33,0,0
T0290,STN_06__STN_07,09:33,09:51,0,0
T0290,STN_07__STN_08,09:51,10:10,0,0
T0290,STN_08__STN_09,10:10,10:49,0,0
T0291,STN_05__STN_11,02:35,02:46,0,0
T0291,STN_05__STN_06,02:46,02:55,1,4
T0291,STN_06__STN_07,02:59,03:05,0,0
T0291,STN_07__STN_08,03:05,03:12,0,0
T0291,STN_08__STN_09,03:12,03:25,0,0
T0291,STN_09__STN_10,03:25,03:36,0,0
T0292,STN_04__STN_05,15:19,15:26,1,7
T0292,STN_05__STN_11,15:33,15:47,0,0
T0293,STN_05__STN_11,07:54,08:16,0,0
T0293,STN_04__STN_05,08:16,08:28,0,0
T0293,STN_03__STN_04,08:28,08:49,0,0
T0293,STN_02__STN_03,08:49,09:08,0,0
T0293,STN_01__STN_02,09:08,09:31,0,0
T0294,STN_05__STN_06,13:39,13:59,0,0
T0294,STN_06__STN_07,13:59,14:13,0,0
T0294,STN_07__STN_08,14:13,14:28,0,0
T0294,STN_08__STN_09,14:28,14:58,0,0
T0295,STN_08__STN_09,07:16,07:44,0,0
T0295,STN_07__STN_08,07:44,07:59,1,1
T0295,STN_06__STN_07,08:00,08:13,1,1
T0295,STN_05__STN_06,08:14,08:34,1,1
T0295,STN_04__STN_05,08:35,08:48,0,0
T0295,STN_03__STN_04,08:48,09:14,1,2
T0295,STN_02__STN_03,09:16,09:39,0,0
T0296,STN_05__STN_11,04:48,05:10,0,0
T0296,STN_04__STN_05,05:10,05:21,1,9
T0296,STN_03__STN_04,05:30,05:52,0,0
T0297,STN_05__STN_06,17:14,17:35,1,2
T0297,STN_06__STN_07,17:37,17:50,0,0
T0298,STN_01__STN_02,01:06,01:28,1,1
T0298,STN_02__STN_03,01:29,01:49,1,3
T0298,STN_03__STN_04,01:52,02:13,1,2
T0298,STN_04__STN_05,02:15,02:27,1,2
T0298,STN_05__STN_11,02:29,02:51,0,0
T0299,STN_07__STN_08,22:12,22:32,0,0
T0299,STN_06__STN_07,22:32,22:51,0,0
T0299,STN_05__STN_06,22:51,23:19,0,0
T0299,STN_04__STN_05,23:19,23:38,0,0
T0299,STN_03__STN_04,23:38,00:15,0,0
T0300,STN_05__STN_06,22:53,23:12,0,0
T0300,STN_04__STN_05,23:12,23:24,0,0
T0300,STN_03__STN_04,23:24,23:47,0,0
T0300,STN_02__STN_03,23:47,00:07,0,0
T0300,STN_01__STN_02,00:07,00:32,0,0
T0301,STN_06__STN_07,21:29,21:43,1,3
T0301,STN_05__STN_06,21:46,22:08,1,1
T0301,STN_05__STN_11,22:09,22:37,0,0
T0302,STN_05__STN_11,06:29,06:59,1,1
T0302,STN_05__STN_06,07:00,07:23,1,2
T0302,STN_06__STN_07,07:25,07:41,1,1
T0302,STN_07__STN_08,07:42,07:59,1,1
T0302,STN_08__STN_09,08:00,08:35,0,0
T0303,STN_11__STN_12,09:12,09:30,1,2
T0303,STN_05__STN_11,09:32,09:54,1,2
T0303,STN_05__STN_06,09:56,10:12,1,3
T0303,STN_06__STN_07,10:15,10:26,1,2
T0303,STN_07__STN_08,10:28,10:40,1,2
T0303,STN_08__STN_09,10:42,11:07,1,2
T0303,STN_09__STN_10,11:09,11:30,0,0
T0304,STN_09__STN_10,13:34,13:47,1,6
T0304,STN_08__STN_09,13:53,14:07,0,0
T0304,STN_07__STN_08,14:07,14:14,0,0
T0304,STN_06__STN_07,14:14,14:21,0,0
T0304,STN_05__STN_06,14:21,14:31,0,0
T0304,STN_04__STN_05,14:31,14:38,0,0
T0304,STN_03__STN_04,14:38,14:50,1,4
T0304,STN_02__STN_03,14:54,15:05,0,0
T0305,STN_05__STN_11,16:29,16:54,0,0
T0305,STN_04__STN_05,16:54,17:07,0,0
T0305,STN_03__STN_04,17:07,17:31,0,0
T0306,STN_08__STN_09,02:37,03:11,0,0
T0306,STN_07__STN_08,03:11,03:29,1,3
T0306,STN_06__STN_07,03:32,03:47,1,3
T0306,STN_05__STN_06,03:50,04:15,1,1
T0306,STN_04__STN_05,04:16,04:32,1,2
T0306,STN_03__STN_04,04:34,05:03,1,1
T0306,STN_02__STN_03,05:04,05:30,1,1
T0306,STN_01__STN_02,05:31,06:03,0,0
T0307,STN_05__STN_11,07:31,07:51,1,2
T0307,STN_05__STN_06,07:53,08:09,0,0
T0308,STN_09__STN_10,16:51,17:08,1,8
T0308,STN_08__STN_09,17:16,17:36,1,5
T0308,STN_07__STN_08,17:41,17:50,0,0
T0308,STN_06__STN_07,17:50,17:59,1,5
T0308,STN_05__STN_06,18:04,18:17,1,7
T0308,STN_04__STN_05,18:24,18:32,0,0
T0308,STN_03__STN_04,18:32,18:48,0,0
T0309,STN_06__STN_07,08:02,08:11,1,5
T0309,STN_07__STN_08,08:16,08:26,1,6
T0309,STN_08__STN_09,08:32,08:51,1,8
T0309,STN_09__STN_10,08:59,09:16,0,0
T0310,STN_03__STN_04,00:13,00:25,0,0
T0310,STN_04__STN_05,00:25,00:31,0,0
T0310,STN_05__STN_06,00:31,00:40,0,0
T0310,STN_06__STN_07,00:40,00:46,0,0
T0310,STN_07__STN_08,00:46,00:53,0,0
T0310,STN_08__STN_09,00:53,01:07,0,0
T0310,STN_09__STN_10,01:07,01:20,0,0
T0311,STN_04__STN_05,00:42,00:53,0,0
T0311,STN_05__STN_06,00:53,01:08,0,0
T0311,STN_06__STN_07,01:08,01:19,0,0
T0311,STN_07__STN_08,01:19,01:31,0,0
T0312,STN_08__STN_09,09:43,09:58,0,0
T0312,STN_07__STN_08,09:58,10:05,0,0
T0312,STN_06__STN_07,10:05,10:11,0,0
T0312,STN_05__STN_06,10:11,10:20,0,0
T0313,STN_08__STN_09,18:19,18:36,0,0
T0313,STN_07__STN_08,18:36,18:44,0,0
T0313,STN_06__STN_07,18:44,18:52,0,0
T0313,STN_05__STN_06,18:52,19:03,0,0
T0313,STN_05__STN_11,19:03,19:17,0,0
T0314,STN_01__STN_02,02:09,02:28,1,1
T0314,STN_02__STN_03,02:29,02:46,1,2
T0314,STN_03__STN_04,02:48,03:07,1,3
T0314,STN_04__STN_05,03:10,03:20,0,0
T0314,STN_05__STN_11,03:20,03:39,0,0
T0315,STN_03__STN_04,20:17,20:41,0,0
T0315,STN_04__STN_05,20:41,20:53,0,0
T0316,STN_06__STN_07,10:27,10:38,1,1
T0316,STN_05__STN_06,10:39,10:56,0,0
T0317,STN_06__STN_07,11:00,11:08,0,0
T0317,STN_05__STN_06,11:08,11:20,1,6
T0317,STN_05__STN_11,11:26,11:41,0,0
T0318,STN_09__STN_10,00:53,01:19,0,0
T0318,STN_08__STN_09,01:19,01:50,0,0
T0318,STN_07__STN_08,01:50,02:06,0,0
T0318,STN_06__STN_07,02:06,02:20,0,0
T0319,STN_05__STN_06,15:45,16:06,1,1
T0319,STN_06__STN_07,16:07,16:21,1,3
T0319,STN_07__STN_08,16:24,16:39,1,1
T0319,STN_08__STN_09,16:40,17:09,1,2
T0319,STN_09__STN_10,17:11,17:38,0,0
T0320,STN_11__STN_12,09:29,09:46,1,1
T0320,STN_05__STN_11,09:47,10:08,1,3
T0320,STN_04__STN_05,10:11,10:22,1,1
T0320,STN_03__STN_04,10:23,10:43,1,3
T0320,STN_02__STN_03,10:46,11:04,0,0
T0320,STN_01__STN_02,11:04,11:26,0,0
