train_id,section_id,entry_time,exit_time,delay_added
T0001,STN_09__STN_10,09:50,10:20,0.2208966253323057
T0001,STN_08__STN_09,10:22,10:56,0.2208966253323057
T0001,STN_07__STN_08,10:56,11:14,0.2208966253323057
T0001,STN_06__STN_07,11:17,11:32,0.2208966253323057
T0001,STN_05__STN_06,11:33,11:56,0.2208966253323057
T0001,STN_05__STN_11,11:58,12:28,0.2208966253323057
T0002,STN_09__STN_10,14:44,14:55,1.2262207519636679
T0002,STN_08__STN_09,14:55,15:09,1.2262207519636679
T0002,STN_07__STN_08,15:09,15:15,1.2262207519636679
T0002,STN_06__STN_07,15:21,15:27,1.2262207519636679
T0002,STN_05__STN_06,15:27,15:36,1.2262207519636679
T0002,STN_05__STN_11,15:36,15:47,1.2262207519636679
T0002,STN_11__STN_12,15:47,15:56,1.2262207519636679
T0003,STN_03__STN_04,09:27,09:47,0.0
T0003,STN_04__STN_05,09:48,09:58,0.0
T0003,STN_05__STN_11,10:00,10:20,0.0
T0004,STN_02__STN_03,22:19,22:52,4.213414772980014
T0004,STN_03__STN_04,22:52,23:27,4.213414772980014
T0004,STN_04__STN_05,23:27,23:45,4.213414772980014
T0004,STN_05__STN_11,23:54,00:31,4.213414772980014
T0005,STN_02__STN_03,14:11,14:32,0.06890133225805428
T0005,STN_03__STN_04,14:33,14:55,0.06890133225805428
T0005,STN_04__STN_05,14:58,15:10,0.06890133225805428
T0005,STN_05__STN_11,15:10,15:33,0.06890133225805428
T0006,STN_03__STN_04,12:13,12:37,3.515055718860439
T0006,STN_02__STN_03,12:37,12:57,3.515055718860439
T0006,STN_01__STN_02,12:58,13:23,3.515055718860439
T0007,STN_03__STN_04,20:13,20:43,0.0
T0007,STN_04__STN_05,20:46,21:02,0.0
T0007,STN_05__STN_11,21:03,21:33,0.0
T0008,STN_04__STN_05,14:38,14:49,3.0704007409179814
T0008,STN_05__STN_11,14:51,15:11,3.0704007409179814
T0008,STN_11__STN_12,15:12,15:29,3.0704007409179814
T0009,STN_04__STN_05,11:31,11:39,0.0
T0009,STN_05__STN_06,11:39,11:51,0.0
T0009,STN_06__STN_07,11:53,12:02,0.0
T0009,STN_07__STN_08,12:05,12:14,0.0
T0009,STN_08__STN_09,12:14,12:32,0.0
T0009,STN_09__STN_10,12:32,12:48,0.0
T0010,STN_03__STN_04,07:18,07:45,18.24754121227493
T0010,STN_02__STN_03,07:47,08:11,18.24754121227493
T0011,STN_06__STN_07,15:34,15:45,0.0
T0011,STN_05__STN_06,15:46,16:02,0.0
T0011,STN_05__STN_11,16:04,16:24,0.0
T0011,STN_11__STN_12,16:25,16:42,0.0
T0012,STN_05__STN_11,04:30,04:55,9.641080046755775
T0012,STN_05__STN_06,04:55,05:15,9.641080046755775
T0012,STN_06__STN_07,05:15,05:28,9.641080046755775
T0012,STN_07__STN_08,05:28,05:42,9.641080046755775
T0012,STN_08__STN_09,05:53,06:20,9.641080046755775
T0013,STN_07__STN_08,18:26,18:34,0.0
T0013,STN_06__STN_07,18:34,18:42,0.0
T0013,STN_05__STN_06,18:42,18:53,0.0
T0014,STN_01__STN_02,22:30,22:45,2.327056110606389
T0014,STN_02__STN_03,22:45,22:58,2.327056110606389
T0014,STN_03__STN_04,22:58,23:13,2.327056110606389
T0014,STN_04__STN_05,23:13,23:20,2.327056110606389
T0014,STN_05__STN_06,23:20,23:32,2.327056110606389
T0014,STN_06__STN_07,23:34,23:42,2.327056110606389
T0014,STN_07__STN_08,23:44,23:53,2.327056110606389
T0014,STN_08__STN_09,23:53,00:10,2.327056110606389
T0014,STN_09__STN_10,00:12,00:26,2.327056110606389
T0015,STN_04__STN_05,14:43,14:55,13.286163481423868
T0015,STN_05__STN_11,14:58,15:21,13.286163481423868
T0016,STN_08__STN_09,23:13,23:35,25.297374445274684
T0016,STN_09__STN_10,23:36,23:54,25.297374445274684
T0017,STN_02__STN_03,16:36,16:48,1.481526611917844
T0017,STN_03__STN_04,16:48,17:02,1.481526611917844
T0018,STN_05__STN_11,04:16,04:31,23.95986839724997
T0018,STN_05__STN_06,04:39,04:50,23.95986839724997
T0018,STN_06__STN_07,04:50,04:58,23.95986839724997
T0018,STN_07__STN_08,04:58,05:07,23.95986839724997
T0018,STN_08__STN_09,05:12,05:29,23.95986839724997
T0019,STN_05__STN_06,20:40,21:01,0.10317704411194202
T0019,STN_06__STN_07,21:01,21:15,0.10317704411194202
T0019,STN_07__STN_08,21:17,21:32,0.10317704411194202
T0019,STN_08__STN_09,21:33,22:05,0.10317704411194202
T0020,STN_11__STN_12,23:08,23:20,0.0
T0020,STN_05__STN_11,23:28,23:44,0.0
T0020,STN_05__STN_06,23:49,00:01,0.0
T0020,STN_06__STN_07,00:05,00:13,0.0
T0021,STN_01__STN_02,11:10,11:25,0.0
T0021,STN_02__STN_03,11:25,11:37,0.0
T0021,STN_03__STN_04,11:43,11:58,0.0
T0021,STN_04__STN_05,11:58,12:06,0.0
T0021,STN_05__STN_06,12:10,12:22,0.0
T0022,STN_01__STN_02,15:20,15:48,5.41768056477323
T0022,STN_02__STN_03,15:48,16:12,5.41768056477323
T0023,STN_04__STN_05,03:56,04:10,16.04097996525401
T0023,STN_03__STN_04,04:10,04:38,16.04097996525401
T0024,STN_07__STN_08,14:25,14:34,26.430738572939255
T0024,STN_06__STN_07,14:34,14:41,26.430738572939255
T0025,STN_02__STN_03,15:59,16:21,8.86475906142377
T0025,STN_03__STN_04,16:24,16:48,8.86475906142377
T0025,STN_04__STN_05,16:50,17:02,8.86475906142377
T0026,STN_09__STN_10,15:47,16:17,5.536575634561573
T0026,STN_08__STN_09,16:17,16:51,5.536575634561573
T0026,STN_07__STN_08,16:51,17:08,5.536575634561573
T0027,STN_01__STN_02,18:53,19:19,1.5698027059138175
T0027,STN_02__STN_03,19:19,19:42,1.5698027059138175
T0027,STN_03__STN_04,19:45,20:12,1.5698027059138175
T0027,STN_04__STN_05,20:14,20:27,1.5698027059138175
T0027,STN_05__STN_11,20:29,20:55,1.5698027059138175
T0027,STN_11__STN_12,20:56,21:18,1.5698027059138175
T0028,STN_05__STN_11,15:08,15:26,21.068778662391235
T0028,STN_05__STN_06,15:30,15:44,21.068778662391235
T0028,STN_06__STN_07,15:44,15:53,21.068778662391235
T0029,STN_05__STN_06,22:42,23:05,14.227954444091937
T0029,STN_06__STN_07,23:06,23:21,14.227954444091937
T0030,STN_06__STN_07,19:04,19:15,7.66221271316256
T0030,STN_07__STN_08,19:17,19:29,7.66221271316256
T0031,STN_03__STN_04,06:53,07:14,17.180389969270603
T0031,STN_04__STN_05,07:14,07:26,17.180389969270603
T0031,STN_05__STN_11,07:34,07:56,17.180389969270603
T0032,STN_02__STN_03,05:34,05:51,3.220788105004972
T0032,STN_01__STN_02,05:54,06:14,3.220788105004972
T0033,STN_04__STN_05,03:46,03:58,0.0
T0033,STN_05__STN_11,03:58,04:21,0.0
T0033,STN_11__STN_12,04:21,04:42,0.0
T0034,STN_06__STN_07,10:00,10:18,19.949609326889448
T0034,STN_05__STN_06,10:18,10:44,19.949609326889448
T0034,STN_04__STN_05,10:44,11:02,19.949609326889448
T0035,STN_07__STN_08,22:07,22:16,1.411715157920069
T0035,STN_06__STN_07,22:16,22:24,1.411715157920069
T0035,STN_05__STN_06,22:24,22:36,1.411715157920069
T0035,STN_05__STN_11,22:36,22:51,1.411715157920069
T0036,STN_07__STN_08,20:12,20:26,30.594104005431667
T0036,STN_06__STN_07,20:26,20:39,30.594104005431667
T0036,STN_05__STN_06,20:39,20:59,30.594104005431667
T0036,STN_04__STN_05,20:59,21:11,30.594104005431667
T0036,STN_03__STN_04,21:11,21:36,30.594104005431667
T0037,STN_06__STN_07,06:45,06:54,0.0
T0037,STN_07__STN_08,07:02,07:12,0.0
T0037,STN_08__STN_09,07:18,07:39,0.0
T0038,STN_01__STN_02,18:20,18:45,10.063234679112238
T0038,STN_02__STN_03,18:48,19:08,10.063234679112238
T0038,STN_03__STN_04,19:08,19:32,10.063234679112238
T0039,STN_08__STN_09,22:38,22:59,1.4636787512881373
T0039,STN_07__STN_08,22:59,23:09,1.4636787512881373
T0039,STN_06__STN_07,23:11,23:20,1.4636787512881373
T0039,STN_05__STN_06,23:23,23:38,1.4636787512881373
T0039,STN_05__STN_11,23:40,23:59,1.4636787512881373
T0039,STN_11__STN_12,23:59,00:14,1.4636787512881373
T0040,STN_09__STN_10,04:55,05:18,9.564316600418717
T0040,STN_08__STN_09,05:18,05:46,9.564316600418717
T0040,STN_07__STN_08,05:46,05:59,9.564316600418717
T0040,STN_06__STN_07,05:59,06:11,9.564316600418717
T0040,STN_05__STN_06,06:11,06:30,9.564316600418717
T0040,STN_05__STN_11,06:30,06:55,9.564316600418717
T0041,STN_02__STN_03,04:39,04:56,1.8789755510988246
T0041,STN_03__STN_04,04:58,05:17,1.8789755510988246
T0041,STN_04__STN_05,05:20,05:30,1.8789755510988246
T0041,STN_05__STN_06,05:31,05:46,1.8789755510988246
T0041,STN_06__STN_07,05:47,05:57,1.8789755510988246
T0041,STN_07__STN_08,05:58,06:09,1.8789755510988246
T0042,STN_03__STN_04,00:43,00:59,2.0955875535841297
T0042,STN_04__STN_05,00:59,01:07,2.0955875535841297
T0042,STN_05__STN_06,01:12,01:24,2.0955875535841297
T0042,STN_06__STN_07,01:29,01:37,2.0955875535841297
T0042,STN_07__STN_08,01:37,01:46,2.0955875535841297
T0042,STN_08__STN_09,01:46,02:03,2.0955875535841297
T0042,STN_09__STN_10,02:11,02:26,2.0955875535841297
T0043,STN_05__STN_11,08:07,08:33,0.0
T0043,STN_05__STN_06,08:34,08:54,0.0
T0043,STN_06__STN_07,08:56,09:09,0.0
T0043,STN_07__STN_08,09:10,09:25,0.0
T0043,STN_08__STN_09,09:25,09:54,0.0
T0043,STN_09__STN_10,09:54,10:20,0.0
T0044,STN_03__STN_04,10:00,10:22,29.788951545395406
T0044,STN_04__STN_05,10:22,10:33,29.788951545395406
T0044,STN_05__STN_06,10:33,10:50,29.788951545395406
T0044,STN_06__STN_07,10:50,11:02,29.788951545395406
T0045,STN_05__STN_06,06:57,07:17,0.0
T0045,STN_04__STN_05,07:19,07:33,0.0
T0046,STN_01__STN_02,15:05,15:31,0.0
T0046,STN_02__STN_03,15:33,15:55,0.0
T0046,STN_03__STN_04,15:55,16:21,0.0
T0046,STN_04__STN_05,16:22,16:35,0.0
T0046,STN_05__STN_06,16:36,16:56,0.0
T0046,STN_06__STN_07,16:57,17:10,0.0
T0046,STN_07__STN_08,17:12,17:26,0.0
T0047,STN_04__STN_05,03:36,03:42,0.0
T0047,STN_05__STN_06,03:42,03:51,0.0
T0047,STN_06__STN_07,03:51,03:57,0.0
T0048,STN_11__STN_12,13:14,13:34,7.551504467149865
T0048,STN_05__STN_11,13:34,13:59,7.551504467149865
T0048,STN_05__STN_06,13:59,14:18,7.551504467149865
T0048,STN_06__STN_07,14:18,14:31,7.551504467149865
T0048,STN_07__STN_08,14:31,14:45,7.551504467149865
T0049,STN_04__STN_05,10:37,10:45,0.0
T0049,STN_03__STN_04,10:50,11:05,0.0
T0049,STN_02__STN_03,11:10,11:24,0.0
T0050,STN_11__STN_12,01:46,01:58,0.0
T0050,STN_05__STN_11,01:58,02:13,0.0
T0050,STN_04__STN_05,02:13,02:20,0.0
T0050,STN_03__STN_04,02:20,02:34,0.0
T0051,STN_07__STN_08,06:13,06:20,8.374973734058392
T0051,STN_06__STN_07,06:22,06:28,8.374973734058392
T0051,STN_05__STN_06,06:28,06:37,8.374973734058392
T0051,STN_04__STN_05,06:40,06:46,8.374973734058392
T0051,STN_03__STN_04,06:46,06:58,8.374973734058392
T0051,STN_02__STN_03,06:58,07:08,8.374973734058392
T0052,STN_07__STN_08,00:05,00:19,0.0
T0052,STN_06__STN_07,00:22,00:34,0.0
T0052,STN_05__STN_06,00:34,00:52,0.0
T0053,STN_05__STN_11,09:21,09:41,0.0
T0053,STN_04__STN_05,09:42,09:53,0.0
T0053,STN_03__STN_04,09:56,10:17,0.0
T0053,STN_02__STN_03,10:19,10:38,0.0
T0054,STN_02__STN_03,11:58,12:20,0.21758805071445658
T0054,STN_03__STN_04,12:23,12:46,0.21758805071445658
T0054,STN_04__STN_05,12:46,12:58,0.21758805071445658
T0054,STN_05__STN_11,12:59,13:23,0.21758805071445658
T0055,STN_03__STN_04,00:18,00:51,9.326376837848013
T0055,STN_04__STN_05,00:51,01:08,9.326376837848013
T0056,STN_05__STN_11,17:44,17:57,5.6470765685658435
T0056,STN_11__STN_12,17:57,18:07,5.6470765685658435
T0057,STN_06__STN_07,15:00,15:08,0.0
T0057,STN_05__STN_06,15:11,15:24,0.0
T0057,STN_05__STN_11,15:24,15:40,0.0
T0057,STN_11__STN_12,15:40,15:54,0.0
T0058,STN_09__STN_10,09:58,10:24,0.0
T0058,STN_08__STN_09,10:26,10:55,0.0
T0058,STN_07__STN_08,10:58,11:14,0.0
T0058,STN_06__STN_07,11:14,11:28,0.0
T0058,STN_05__STN_06,11:30,11:51,0.0
T0058,STN_04__STN_05,11:51,12:05,0.0
T0058,STN_03__STN_04,12:07,12:34,0.0
T0058,STN_02__STN_03,12:37,12:59,0.0
T0058,STN_01__STN_02,13:01,13:28,0.0
T0059,STN_08__STN_09,02:26,02:58,5.276790939037365
T0059,STN_07__STN_08,02:58,03:13,5.276790939037365
T0059,STN_06__STN_07,03:13,03:27,5.276790939037365
T0059,STN_05__STN_06,03:27,03:48,5.276790939037365
T0059,STN_04__STN_05,03:57,04:11,5.276790939037365
T0059,STN_03__STN_04,04:11,04:38,5.276790939037365
T0059,STN_02__STN_03,04:38,05:01,5.276790939037365
T0059,STN_01__STN_02,05:01,05:29,5.276790939037365
T0060,STN_05__STN_06,04:28,04:43,2.644440806354202
T0060,STN_06__STN_07,04:46,04:56,2.644440806354202
T0060,STN_07__STN_08,05:00,05:11,2.644440806354202
T0060,STN_08__STN_09,05:11,05:33,2.644440806354202
T0061,STN_04__STN_05,22:48,22:55,7.345784445020755
T0061,STN_05__STN_06,23:02,23:14,7.345784445020755
T0061,STN_06__STN_07,23:14,23:22,7.345784445020755
T0061,STN_07__STN_08,23:28,23:36,7.345784445020755
T0062,STN_01__STN_02,14:11,14:39,33.614595970574875
T0062,STN_02__STN_03,14:42,15:05,33.614595970574875
T0062,STN_03__STN_04,15:08,15:34,33.614595970574875
T0062,STN_04__STN_05,15:37,15:51,33.614595970574875
T0063,STN_11__STN_12,23:31,23:56,18.403032677809755
T0063,STN_05__STN_11,23:56,00:26,18.403032677809755
T0063,STN_04__STN_05,00:26,00:42,18.403032677809755
T0064,STN_06__STN_07,02:15,02:30,7.26783022442624
T0064,STN_05__STN_06,02:30,02:50,7.26783022442624
T0064,STN_05__STN_11,02:50,03:17,7.26783022442624
T0065,STN_02__STN_03,19:35,19:57,0.6494458211235166
T0065,STN_03__STN_04,19:57,20:23,0.6494458211235166
T0065,STN_04__STN_05,20:23,20:36,0.6494458211235166
T0065,STN_05__STN_06,20:36,20:56,0.6494458211235166
T0065,STN_06__STN_07,20:56,21:09,0.6494458211235166
T0065,STN_07__STN_08,21:19,21:34,0.6494458211235166
T0065,STN_08__STN_09,21:34,22:03,0.6494458211235166
T0066,STN_01__STN_02,06:20,06:36,0.0
T0066,STN_02__STN_03,06:36,06:49,0.0
T0066,STN_03__STN_04,06:52,07:07,0.0
T0066,STN_04__STN_05,07:15,07:23,0.0
T0066,STN_05__STN_06,07:27,07:39,0.0
T0066,STN_06__STN_07,07:39,07:47,0.0
T0066,STN_07__STN_08,07:47,07:56,0.0
T0066,STN_08__STN_09,08:00,08:17,0.0
T0066,STN_09__STN_10,08:25,08:41,0.0
T0067,STN_09__STN_10,01:09,01:25,3.3015736519327215
T0067,STN_08__STN_09,01:25,01:43,3.3015736519327215
T0067,STN_07__STN_08,01:47,01:56,3.3015736519327215
T0068,STN_07__STN_08,03:07,03:18,0.0
T0068,STN_06__STN_07,03:20,03:30,0.0
T0068,STN_05__STN_06,03:32,03:47,0.0
T0069,STN_04__STN_05,20:29,20:42,0.0
T0069,STN_05__STN_06,20:44,21:04,0.0
T0069,STN_06__STN_07,21:04,21:17,0.0
T0070,STN_06__STN_07,04:16,04:28,0.0
T0070,STN_05__STN_06,04:28,04:46,0.0
T0071,STN_11__STN_12,13:46,13:57,0.0
T0071,STN_05__STN_11,14:01,14:13,0.0
T0071,STN_05__STN_06,14:17,14:27,0.0
T0071,STN_06__STN_07,14:27,14:34,0.0
T0071,STN_07__STN_08,14:34,14:41,0.0
T0072,STN_01__STN_02,19:02,19:25,4.4831696731119735
T0072,STN_02__STN_03,19:25,19:45,4.4831696731119735
T0072,STN_03__STN_04,19:45,20:07,4.4831696731119735
T0072,STN_04__STN_05,20:07,20:19,4.4831696731119735
T0073,STN_06__STN_07,21:07,21:17,0.29192641863163366
T0073,STN_07__STN_08,21:17,21:27,0.29192641863163366
T0073,STN_08__STN_09,21:27,21:48,0.29192641863163366
T0074,STN_05__STN_06,19:59,20:17,0.0
T0074,STN_04__STN_05,20:17,20:29,0.0
T0074,STN_03__STN_04,20:29,20:51,0.0
T0074,STN_02__STN_03,20:51,21:11,0.0
T0075,STN_02__STN_03,04:28,04:52,37.49610773621996
T0075,STN_03__STN_04,04:52,05:19,37.49610773621996
T0075,STN_04__STN_05,05:19,05:33,37.49610773621996
T0075,STN_05__STN_06,05:33,05:55,37.49610773621996
T0075,STN_06__STN_07,05:55,06:10,37.49610773621996
T0076,STN_08__STN_09,00:49,01:13,0.0
T0076,STN_07__STN_08,01:15,01:28,0.0
T0076,STN_06__STN_07,01:30,01:41,0.0
T0077,STN_05__STN_06,07:57,08:09,1.8229897198519045
T0077,STN_06__STN_07,08:09,08:17,1.8229897198519045
T0077,STN_07__STN_08,08:17,08:26,1.8229897198519045
T0078,STN_08__STN_09,00:02,00:23,1.2486807541704739
T0078,STN_07__STN_08,00:25,00:36,1.2486807541704739
T0079,STN_06__STN_07,05:07,05:19,4.104048309498994
T0079,STN_05__STN_06,05:19,05:37,4.104048309498994
T0080,STN_02__STN_03,16:32,16:48,4.188392090978653
T0080,STN_03__STN_04,16:48,17:05,4.188392090978653
T0080,STN_04__STN_05,17:09,17:19,4.188392090978653
T0080,STN_05__STN_11,17:19,17:37,4.188392090978653
T0081,STN_09__STN_10,05:43,05:58,1.9359012534177085
T0081,STN_08__STN_09,06:01,06:18,1.9359012534177085
T0081,STN_07__STN_08,06:24,06:32,1.9359012534177085
T0081,STN_06__STN_07,06:35,06:43,1.9359012534177085
T0081,STN_05__STN_06,06:49,07:00,1.9359012534177085
T0081,STN_04__STN_05,07:00,07:07,1.9359012534177085
T0081,STN_03__STN_04,07:11,07:26,1.9359012534177085
T0081,STN_02__STN_03,07:28,07:41,1.9359012534177085
T0081,STN_01__STN_02,07:41,07:57,1.9359012534177085
T0082,STN_03__STN_04,05:47,06:17,41.49613207545371
T0082,STN_04__STN_05,06:18,06:35,41.49613207545371
T0083,STN_06__STN_07,00:15,00:25,0.0
T0083,STN_07__STN_08,00:28,00:39,0.0
T0083,STN_08__STN_09,00:42,01:05,0.0
T0084,STN_06__STN_07,07:41,07:50,0.0
T0084,STN_05__STN_06,07:50,08:04,0.0
T0084,STN_05__STN_11,08:07,08:24,0.0
T0085,STN_05__STN_11,22:43,22:56,0.0
T0085,STN_05__STN_06,22:56,23:06,0.0
T0085,STN_06__STN_07,23:12,23:19,0.0
T0085,STN_07__STN_08,23:21,23:29,0.0
T0085,STN_08__STN_09,23:29,23:44,0.0
T0085,STN_09__STN_10,23:44,23:56,0.0
T0086,STN_06__STN_07,07:14,07:28,10.42906418885584
T0086,STN_05__STN_06,07:30,07:51,10.42906418885584
T0086,STN_05__STN_11,07:53,08:19,10.42906418885584
T0086,STN_11__STN_12,08:19,08:41,10.42906418885584
T0087,STN_05__STN_06,22:59,23:08,10.740932289772712
T0087,STN_04__STN_05,23:08,23:14,10.740932289772712
T0087,STN_03__STN_04,23:14,23:26,10.740932289772712
T0088,STN_06__STN_07,05:45,05:57,22.06543724391024
T0088,STN_05__STN_06,05:57,06:14,22.06543724391024
T0088,STN_05__STN_11,06:14,06:35,22.06543724391024
T0088,STN_11__STN_12,06:35,06:52,22.06543724391024
T0089,STN_08__STN_09,07:55,08:09,7.263143193380374
T0089,STN_07__STN_08,08:09,08:16,7.263143193380374
T0089,STN_06__STN_07,08:16,08:22,7.263143193380374
T0090,STN_08__STN_09,00:47,01:15,2.222417222861474
T0090,STN_07__STN_08,01:15,01:28,2.222417222861474
T0090,STN_06__STN_07,01:28,01:40,2.222417222861474
T0090,STN_05__STN_06,01:40,01:58,2.222417222861474
T0090,STN_04__STN_05,02:05,02:17,2.222417222861474
T0090,STN_03__STN_04,02:17,02:39,2.222417222861474
T0090,STN_02__STN_03,02:39,02:59,2.222417222861474
T0090,STN_01__STN_02,02:59,03:23,2.222417222861474
T0091,STN_03__STN_04,14:38,15:04,0.0
T0091,STN_04__STN_05,15:07,15:20,0.0
T0091,STN_05__STN_06,15:20,15:39,0.0
T0092,STN_05__STN_11,13:17,13:47,4.368887463035737
T0092,STN_04__STN_05,13:50,14:06,4.368887463035737
T0092,STN_03__STN_04,14:09,14:39,4.368887463035737
T0092,STN_02__STN_03,14:41,15:09,4.368887463035737
T0093,STN_01__STN_02,17:29,17:54,0.0
T0093,STN_02__STN_03,17:55,18:15,0.0
T0093,STN_03__STN_04,18:16,18:39,0.0
T0094,STN_01__STN_02,18:41,19:01,3.766275419619568
T0094,STN_02__STN_03,19:09,19:26,3.766275419619568
T0094,STN_03__STN_04,19:34,19:54,3.766275419619568
T0094,STN_04__STN_05,20:02,20:12,3.766275419619568
T0094,STN_05__STN_06,20:15,20:31,3.766275419619568
T0094,STN_06__STN_07,20:38,20:48,3.766275419619568
T0094,STN_07__STN_08,20:48,20:59,3.766275419619568
T0095,STN_05__STN_06,01:05,01:19,3.050077367558207
T0095,STN_04__STN_05,01:21,01:30,3.050077367558207
T0095,STN_03__STN_04,01:30,01:47,3.050077367558207
T0096,STN_02__STN_03,14:35,14:55,7.378144982691188
T0096,STN_03__STN_04,14:56,15:18,7.378144982691188
T0096,STN_04__STN_05,15:21,15:33,7.378144982691188
T0096,STN_05__STN_06,15:33,15:50,7.378144982691188
T0096,STN_06__STN_07,15:53,16:05,7.378144982691188
T0097,STN_03__STN_04,09:13,09:33,12.860589412425673
T0097,STN_04__STN_05,09:33,09:43,12.860589412425673
T0097,STN_05__STN_06,09:43,09:58,12.860589412425673
T0097,STN_06__STN_07,09:58,10:09,12.860589412425673
T0097,STN_07__STN_08,10:16,10:27,12.860589412425673
T0097,STN_08__STN_09,10:27,10:49,12.860589412425673
T0097,STN_09__STN_10,10:49,11:08,12.860589412425673
T0098,STN_07__STN_08,14:20,14:34,0.0
T0098,STN_06__STN_07,14:36,14:48,0.0
T0098,STN_05__STN_06,14:50,15:07,0.0
T0098,STN_05__STN_11,15:09,15:31,0.0
T0099,STN_08__STN_09,19:47,20:27,0.0
T0099,STN_07__STN_08,20:27,20:47,0.0
T0100,STN_09__STN_10,10:25,10:36,0.6091075878985892
T0100,STN_08__STN_09,10:36,10:49,0.6091075878985892
T0100,STN_07__STN_08,10:51,10:58,0.6091075878985892
T0100,STN_06__STN_07,10:58,11:04,0.6091075878985892
T0100,STN_05__STN_06,11:07,11:16,0.6091075878985892
T0100,STN_05__STN_11,11:16,11:28,0.6091075878985892
T0101,STN_03__STN_04,16:43,17:05,9.21131283364645
T0101,STN_04__STN_05,17:07,17:18,9.21131283364645
T0101,STN_05__STN_06,17:21,17:38,9.21131283364645
T0102,STN_08__STN_09,17:11,17:28,0.0
T0102,STN_07__STN_08,17:28,17:37,0.0
T0102,STN_06__STN_07,17:37,17:45,0.0
T0102,STN_05__STN_06,17:45,17:57,0.0
T0102,STN_05__STN_11,18:01,18:16,0.0
T0103,STN_06__STN_07,00:18,00:29,31.21141872445015
T0103,STN_05__STN_06,00:32,00:48,31.21141872445015
T0103,STN_04__STN_05,00:49,01:00,31.21141872445015
T0103,STN_03__STN_04,01:00,01:21,31.21141872445015
T0104,STN_02__STN_03,02:53,03:13,24.73629531846208
T0104,STN_03__STN_04,03:15,03:37,24.73629531846208
T0104,STN_04__STN_05,03:37,03:49,24.73629531846208
T0104,STN_05__STN_11,03:50,04:12,24.73629531846208
T0105,STN_04__STN_05,21:19,21:27,1.4029007917376988
T0105,STN_03__STN_04,21:27,21:43,1.4029007917376988
T0105,STN_02__STN_03,21:47,22:01,1.4029007917376988
T0106,STN_06__STN_07,09:32,09:43,14.417847690813963
T0106,STN_05__STN_06,09:46,10:03,14.417847690813963
T0106,STN_04__STN_05,10:05,10:16,14.417847690813963
T0106,STN_03__STN_04,10:19,10:40,14.417847690813963
T0107,STN_11__STN_12,11:59,12:21,0.0
T0107,STN_05__STN_11,12:23,12:50,0.0
T0107,STN_05__STN_06,12:53,13:14,0.0
T0107,STN_06__STN_07,13:14,13:27,0.0
T0107,STN_07__STN_08,13:29,13:44,0.0
T0108,STN_04__STN_05,08:43,08:58,5.906094344256779
T0108,STN_05__STN_06,09:00,09:23,5.906094344256779
T0108,STN_06__STN_07,09:24,09:39,5.906094344256779
T0108,STN_07__STN_08,09:40,09:56,5.906094344256779
T0108,STN_08__STN_09,09:58,10:30,5.906094344256779
T0108,STN_09__STN_10,10:32,10:59,5.906094344256779
T0109,STN_05__STN_06,18:09,18:28,0.0
T0109,STN_04__STN_05,18:28,18:41,0.0
T0109,STN_03__STN_04,18:41,19:06,0.0
T0109,STN_02__STN_03,19:12,19:36,0.0
T0109,STN_01__STN_02,19:36,20:04,0.0
T0110,STN_07__STN_08,08:44,08:52,0.0
T0110,STN_06__STN_07,08:52,08:59,0.0
T0110,STN_05__STN_06,08:59,09:10,0.0
T0110,STN_05__STN_11,09:13,09:27,0.0
T0110,STN_11__STN_12,09:27,09:39,0.0
T0111,STN_04__STN_05,01:48,01:56,29.064992914248254
T0111,STN_05__STN_06,01:56,02:07,29.064992914248254
T0111,STN_06__STN_07,02:07,02:14,29.064992914248254
T0112,STN_09__STN_10,08:54,09:05,1.238256346409983
T0112,STN_08__STN_09,09:09,09:21,1.238256346409983
T0112,STN_07__STN_08,09:21,09:27,1.238256346409983
T0112,STN_06__STN_07,09:31,09:36,1.238256346409983
T0112,STN_05__STN_06,09:36,09:45,1.238256346409983
T0112,STN_04__STN_05,09:45,09:51,1.238256346409983
T0113,STN_01__STN_02,17:12,17:30,0.0
T0113,STN_02__STN_03,17:33,17:48,0.0
T0113,STN_03__STN_04,17:52,18:09,0.0
T0113,STN_04__STN_05,18:09,18:18,0.0
T0113,STN_05__STN_11,18:18,18:34,0.0
T0114,STN_05__STN_06,09:58,10:09,0.0
T0114,STN_05__STN_11,10:09,10:22,0.0
T0115,STN_11__STN_12,05:15,05:38,6.960590469715161
T0115,STN_05__STN_11,05:39,06:08,6.960590469715161
T0115,STN_05__STN_06,06:10,06:32,6.960590469715161
T0115,STN_06__STN_07,06:32,06:47,6.960590469715161
T0115,STN_07__STN_08,06:50,07:06,6.960590469715161
T0116,STN_01__STN_02,15:19,15:34,1.3175206773009196
T0116,STN_02__STN_03,15:34,15:47,1.3175206773009196
T0116,STN_03__STN_04,15:53,16:08,1.3175206773009196
T0116,STN_04__STN_05,16:12,16:20,1.3175206773009196
T0116,STN_05__STN_11,16:27,16:42,1.3175206773009196
T0117,STN_02__STN_03,00:33,00:46,0.0
T0117,STN_03__STN_04,00:50,01:03,0.0
T0117,STN_04__STN_05,01:07,01:14,0.0
T0117,STN_05__STN_06,01:14,01:25,0.0
T0117,STN_06__STN_07,01:25,01:32,0.0
T0118,STN_06__STN_07,18:50,18:56,4.747410499423121
T0118,STN_07__STN_08,18:56,19:03,4.747410499423121
T0118,STN_08__STN_09,19:08,19:21,4.747410499423121
T0118,STN_09__STN_10,19:21,19:33,4.747410499423121
T0119,STN_09__STN_10,18:57,19:28,3.7822781968121912
T0119,STN_08__STN_09,19:38,20:15,3.7822781968121912
T0119,STN_07__STN_08,20:15,20:33,3.7822781968121912
T0119,STN_06__STN_07,20:33,20:50,3.7822781968121912
T0119,STN_05__STN_06,20:50,21:15,3.7822781968121912
T0119,STN_05__STN_11,21:22,21:54,3.7822781968121912
T0120,STN_11__STN_12,21:02,21:15,0.0
T0120,STN_05__STN_11,21:15,21:30,0.0
T0120,STN_04__STN_05,21:30,21:38,0.0
T0120,STN_03__STN_04,21:45,22:00,0.0
T0121,STN_03__STN_04,08:37,09:03,0.0
T0121,STN_02__STN_03,09:03,09:26,0.0
T0122,STN_05__STN_11,02:47,03:16,12.373345308239736
T0122,STN_05__STN_06,03:19,03:42,12.373345308239736
T0123,STN_03__STN_04,21:21,21:40,0.0
T0123,STN_04__STN_05,21:40,21:50,0.0
T0123,STN_05__STN_06,21:56,22:11,0.0
T0124,STN_03__STN_04,06:56,07:20,13.139796177002376
T0124,STN_04__STN_05,07:23,07:36,13.139796177002376
T0124,STN_05__STN_06,07:38,07:58,13.139796177002376
T0124,STN_06__STN_07,08:00,08:13,13.139796177002376
T0124,STN_07__STN_08,08:16,08:30,13.139796177002376
T0124,STN_08__STN_09,08:33,09:02,13.139796177002376
T0124,STN_09__STN_10,09:03,09:27,13.139796177002376
T0125,STN_02__STN_03,09:13,09:44,47.598941694744674
T0125,STN_03__STN_04,09:44,10:20,47.598941694744674
T0125,STN_04__STN_05,10:20,10:39,47.598941694744674
T0125,STN_05__STN_06,10:39,11:06,47.598941694744674
T0125,STN_06__STN_07,11:14,11:33,47.598941694744674
T0125,STN_07__STN_08,11:33,11:52,47.598941694744674
T0125,STN_08__STN_09,11:52,12:32,47.598941694744674
T0126,STN_05__STN_11,00:39,01:06,0.40542843462591094
T0126,STN_05__STN_06,01:06,01:27,0.40542843462591094
T0126,STN_06__STN_07,01:27,01:41,0.40542843462591094
T0126,STN_07__STN_08,01:41,01:58,0.40542843462591094
T0126,STN_08__STN_09,01:59,02:32,0.40542843462591094
T0126,STN_09__STN_10,02:35,03:02,0.40542843462591094
T0127,STN_05__STN_06,12:21,12:41,1.9478577164661588
T0127,STN_06__STN_07,12:41,12:53,1.9478577164661588
T0127,STN_07__STN_08,12:58,13:12,1.9478577164661588
T0128,STN_04__STN_05,00:42,00:54,12.589820817784972
T0128,STN_05__STN_06,00:54,01:12,12.589820817784972
T0129,STN_06__STN_07,16:38,16:52,0.0
T0129,STN_05__STN_06,16:52,17:13,0.0
T0129,STN_04__STN_05,17:13,17:27,0.0
T0129,STN_03__STN_04,17:27,17:53,0.0
T0130,STN_06__STN_07,09:27,09:40,4.218215518161209
T0130,STN_05__STN_06,09:40,09:59,4.218215518161209
T0130,STN_04__STN_05,09:59,10:11,4.218215518161209
T0131,STN_07__STN_08,20:58,21:12,10.920093756211614
T0131,STN_06__STN_07,21:12,21:25,10.920093756211614
T0131,STN_05__STN_06,21:25,21:45,10.920093756211614
T0132,STN_05__STN_06,00:23,00:40,14.529024711284514
T0132,STN_06__STN_07,00:40,00:51,14.529024711284514
T0132,STN_07__STN_08,00:54,01:06,14.529024711284514
T0133,STN_05__STN_06,17:40,17:56,15.23658233540182
T0133,STN_04__STN_05,17:56,18:07,15.23658233540182
T0133,STN_03__STN_04,18:07,18:28,15.23658233540182
T0133,STN_02__STN_03,18:28,18:47,15.23658233540182
T0133,STN_01__STN_02,18:47,19:10,15.23658233540182
T0134,STN_02__STN_03,16:44,17:10,0.2887376991419348
T0134,STN_03__STN_04,17:12,17:41,0.2887376991419348
T0134,STN_04__STN_05,17:44,17:59,0.2887376991419348
T0134,STN_05__STN_06,18:00,18:22,0.2887376991419348
T0134,STN_06__STN_07,18:24,18:39,0.2887376991419348
T0135,STN_08__STN_09,15:11,15:25,0.0
T0135,STN_07__STN_08,15:25,15:32,0.0
T0135,STN_06__STN_07,15:32,15:38,0.0
T0135,STN_05__STN_06,15:38,15:47,0.0
T0135,STN_04__STN_05,15:47,15:53,0.0
T0135,STN_03__STN_04,15:53,16:05,0.0
T0136,STN_05__STN_11,18:13,18:24,0.0
T0136,STN_04__STN_05,18:24,18:30,0.0
T0136,STN_03__STN_04,18:30,18:41,0.0
T0136,STN_02__STN_03,18:41,18:52,0.0
T0137,STN_04__STN_05,05:45,05:55,7.337241109509553
T0137,STN_05__STN_11,05:58,06:18,7.337241109509553
T0137,STN_11__STN_12,06:20,06:36,7.337241109509553
T0138,STN_09__STN_10,07:45,08:15,15.215063141638273
T0138,STN_08__STN_09,08:17,08:51,15.215063141638273
T0138,STN_07__STN_08,08:53,09:11,15.215063141638273
T0138,STN_06__STN_07,09:13,09:30,15.215063141638273
T0138,STN_05__STN_06,09:31,09:56,15.215063141638273
T0138,STN_05__STN_11,09:59,10:29,15.215063141638273
T0138,STN_11__STN_12,10:32,10:57,15.215063141638273
T0139,STN_08__STN_09,22:38,23:07,9.696310859251144
T0139,STN_07__STN_08,23:07,23:22,9.696310859251144
T0139,STN_06__STN_07,23:22,23:36,9.696310859251144
T0140,STN_08__STN_09,11:40,12:13,18.041980197743072
T0140,STN_07__STN_08,12:13,12:29,18.041980197743072
T0140,STN_06__STN_07,12:32,12:47,18.041980197743072
T0140,STN_05__STN_06,12:49,13:11,18.041980197743072
T0141,STN_02__STN_03,03:05,03:24,22.13304675780431
T0141,STN_03__STN_04,03:24,03:45,22.13304675780431
T0141,STN_04__STN_05,03:45,03:57,22.13304675780431
T0141,STN_05__STN_06,03:57,04:13,22.13304675780431
T0141,STN_06__STN_07,04:13,04:24,22.13304675780431
T0141,STN_07__STN_08,04:24,04:37,22.13304675780431
T0141,STN_08__STN_09,04:37,05:01,22.13304675780431
T0141,STN_09__STN_10,05:01,05:22,22.13304675780431
T0142,STN_09__STN_10,00:01,00:27,0.0
T0142,STN_08__STN_09,00:30,00:59,0.0
T0142,STN_07__STN_08,01:00,01:15,0.0
T0142,STN_06__STN_07,01:16,01:30,0.0
T0142,STN_05__STN_06,01:33,01:55,0.0
T0142,STN_05__STN_11,01:58,02:25,0.0
T0142,STN_11__STN_12,02:25,02:47,0.0
T0143,STN_05__STN_11,11:55,12:06,0.0
T0143,STN_05__STN_06,12:06,12:15,0.0
T0143,STN_06__STN_07,12:15,12:21,0.0
T0143,STN_07__STN_08,12:21,12:27,0.0
T0143,STN_08__STN_09,12:27,12:41,0.0
T0143,STN_09__STN_10,12:41,12:52,0.0
T0144,STN_05__STN_06,00:34,00:56,5.256105619087457
T0144,STN_06__STN_07,00:56,01:11,5.256105619087457
T0144,STN_07__STN_08,01:11,01:28,5.256105619087457
T0144,STN_08__STN_09,01:28,02:02,5.256105619087457
T0144,STN_09__STN_10,02:02,02:30,5.256105619087457
T0145,STN_05__STN_06,19:39,19:51,2.027079405914618
T0145,STN_04__STN_05,19:51,19:59,2.027079405914618
T0145,STN_03__STN_04,19:59,20:14,2.027079405914618
T0146,STN_03__STN_04,01:48,02:16,3.1090349909998487
T0146,STN_04__STN_05,02:16,02:30,3.1090349909998487
T0146,STN_05__STN_06,02:33,02:54,3.1090349909998487
T0146,STN_06__STN_07,02:54,03:08,3.1090349909998487
T0146,STN_07__STN_08,03:08,03:23,3.1090349909998487
T0146,STN_08__STN_09,03:25,03:57,3.1090349909998487
T0146,STN_09__STN_10,03:57,04:24,3.1090349909998487
T0147,STN_05__STN_06,12:03,12:27,0.0
T0147,STN_05__STN_11,12:29,12:59,0.0
T0147,STN_11__STN_12,13:02,13:29,0.0
T0148,STN_09__STN_10,11:28,11:50,2.3530221746993876
T0148,STN_08__STN_09,11:52,12:17,2.3530221746993876
T0148,STN_07__STN_08,12:19,12:31,2.3530221746993876
T0148,STN_06__STN_07,12:31,12:42,2.3530221746993876
T0148,STN_05__STN_06,12:42,12:59,2.3530221746993876
T0148,STN_04__STN_05,13:02,13:13,2.3530221746993876
T0149,STN_08__STN_09,16:20,16:58,14.114757042475812
T0149,STN_07__STN_08,16:58,17:17,14.114757042475812
T0149,STN_06__STN_07,17:17,17:35,14.114757042475812
T0149,STN_05__STN_06,17:35,18:01,14.114757042475812
T0149,STN_05__STN_11,18:01,18:35,14.114757042475812
T0149,STN_11__STN_12,18:35,19:03,14.114757042475812
T0150,STN_01__STN_02,08:30,09:01,0.0
T0150,STN_02__STN_03,09:02,09:29,0.0
T0150,STN_03__STN_04,09:31,10:01,0.0
T0150,STN_04__STN_05,10:02,10:18,0.0
T0150,STN_05__STN_06,10:19,10:42,0.0
T0150,STN_06__STN_07,10:45,11:01,0.0
T0150,STN_07__STN_08,11:01,11:18,0.0
T0151,STN_05__STN_06,10:08,10:36,0.0
T0151,STN_06__STN_07,10:36,10:55,0.0
T0152,STN_06__STN_07,03:18,03:31,26.65235890231192
T0152,STN_05__STN_06,03:31,03:49,26.65235890231192
T0152,STN_04__STN_05,03:49,04:01,26.65235890231192
T0152,STN_03__STN_04,04:01,04:24,26.65235890231192
T0152,STN_02__STN_03,04:25,04:47,26.65235890231192
T0153,STN_07__STN_08,22:35,22:50,20.686765857133484
T0153,STN_06__STN_07,22:51,23:04,20.686765857133484
T0153,STN_05__STN_06,23:06,23:26,20.686765857133484
T0153,STN_05__STN_11,23:26,23:52,20.686765857133484
T0154,STN_07__STN_08,04:32,04:39,4.402966605653809
T0154,STN_08__STN_09,04:45,04:59,4.402966605653809
T0154,STN_09__STN_10,04:59,05:12,4.402966605653809
T0155,STN_01__STN_02,18:58,19:11,9.237925014837614
T0155,STN_02__STN_03,19:13,19:24,9.237925014837614
T0155,STN_03__STN_04,19:24,19:36,9.237925014837614
T0155,STN_04__STN_05,19:36,19:42,9.237925014837614
T0155,STN_05__STN_06,19:42,19:52,9.237925014837614
T0155,STN_06__STN_07,19:52,19:58,9.237925014837614
T0156,STN_08__STN_09,18:06,18:31,37.90061648210592
T0156,STN_07__STN_08,18:38,18:51,37.90061648210592
T0156,STN_06__STN_07,18:51,19:03,37.90061648210592
T0156,STN_05__STN_06,19:03,19:21,37.90061648210592
T0156,STN_04__STN_05,19:21,19:33,37.90061648210592
T0157,STN_06__STN_07,14:14,14:23,0.0
T0157,STN_05__STN_06,14:23,14:37,0.0
T0157,STN_04__STN_05,14:37,14:46,0.0
T0157,STN_03__STN_04,14:46,15:04,0.0
T0158,STN_03__STN_04,12:17,12:41,8.941899785384154
T0158,STN_04__STN_05,12:41,12:53,8.941899785384154
T0158,STN_05__STN_06,12:53,13:12,8.941899785384154
T0158,STN_06__STN_07,13:12,13:25,8.941899785384154
T0159,STN_05__STN_11,00:34,00:47,7.25881559011375
T0159,STN_05__STN_06,00:53,01:04,7.25881559011375
T0159,STN_06__STN_07,01:04,01:11,7.25881559011375
T0159,STN_07__STN_08,01:11,01:19,7.25881559011375
T0159,STN_08__STN_09,01:19,01:34,7.25881559011375
T0159,STN_09__STN_10,01:34,01:48,7.25881559011375
T0160,STN_07__STN_08,03:44,03:51,0.025332557203753776
T0160,STN_06__STN_07,03:54,04:00,0.025332557203753776
T0160,STN_05__STN_06,04:00,04:09,0.025332557203753776
T0160,STN_04__STN_05,04:09,04:15,0.025332557203753776
T0161,STN_02__STN_03,20:01,20:16,13.947019156476639
T0161,STN_03__STN_04,20:20,20:36,13.947019156476639
T0161,STN_04__STN_05,20:43,20:52,13.947019156476639
T0161,STN_05__STN_11,20:52,21:08,13.947019156476639
T0161,STN_11__STN_12,21:15,21:29,13.947019156476639
T0162,STN_04__STN_05,11:51,12:06,19.044743015038435
T0162,STN_05__STN_06,12:06,12:28,19.044743015038435
T0163,STN_07__STN_08,01:54,02:06,2.2910173030648266
T0163,STN_06__STN_07,02:09,02:20,2.2910173030648266
T0163,STN_05__STN_06,02:23,02:39,2.2910173030648266
T0163,STN_05__STN_11,02:42,03:03,2.2910173030648266
T0163,STN_11__STN_12,03:03,03:20,2.2910173030648266
T0164,STN_05__STN_11,04:13,04:47,8.185912632100504
T0164,STN_04__STN_05,04:47,05:04,8.185912632100504
T0164,STN_03__STN_04,05:04,05:36,8.185912632100504
T0164,STN_02__STN_03,05:36,06:06,8.185912632100504
T0164,STN_01__STN_02,06:06,06:42,8.185912632100504
T0165,STN_05__STN_11,04:32,04:54,2.019838915264246
T0165,STN_05__STN_06,04:55,05:12,2.019838915264246
T0165,STN_06__STN_07,05:15,05:28,2.019838915264246
T0165,STN_07__STN_08,05:31,05:44,2.019838915264246
T0166,STN_08__STN_09,12:13,12:48,20.275681451752458
T0166,STN_07__STN_08,12:48,13:07,20.275681451752458
T0166,STN_06__STN_07,13:07,13:23,20.275681451752458
T0166,STN_05__STN_06,13:23,13:48,20.275681451752458
T0166,STN_04__STN_05,13:48,14:05,20.275681451752458
T0166,STN_03__STN_04,14:05,14:37,20.275681451752458
T0167,STN_05__STN_11,07:11,07:34,0.0
T0167,STN_04__STN_05,07:34,07:46,0.0
T0167,STN_03__STN_04,07:46,08:09,0.0
T0167,STN_02__STN_03,08:20,08:41,0.0
T0167,STN_01__STN_02,08:41,09:06,0.0
T0168,STN_01__STN_02,11:12,11:39,20.14039496393395
T0168,STN_02__STN_03,11:39,12:01,20.14039496393395
T0168,STN_03__STN_04,12:01,12:27,20.14039496393395
T0169,STN_05__STN_11,10:07,10:34,0.0
T0169,STN_04__STN_05,10:35,10:49,0.0
T0169,STN_03__STN_04,10:52,11:19,0.0
T0169,STN_02__STN_03,11:19,11:42,0.0
T0169,STN_01__STN_02,11:45,12:13,0.0
T0170,STN_08__STN_09,17:06,17:23,19.413128655716797
T0170,STN_07__STN_08,17:31,17:39,19.413128655716797
T0170,STN_06__STN_07,17:44,17:51,19.413128655716797
T0171,STN_02__STN_03,00:39,00:56,26.446317528767437
T0171,STN_03__STN_04,00:56,01:15,26.446317528767437
T0171,STN_04__STN_05,01:16,01:26,26.446317528767437
T0171,STN_05__STN_06,01:28,01:43,26.446317528767437
T0172,STN_03__STN_04,23:59,00:13,5.752762799121712
T0172,STN_04__STN_05,00:20,00:27,5.752762799121712
T0172,STN_05__STN_11,00:30,00:43,5.752762799121712
T0173,STN_05__STN_11,17:17,17:29,0.0
T0173,STN_04__STN_05,17:31,17:38,0.0
T0173,STN_03__STN_04,17:38,17:51,0.0
T0174,STN_03__STN_04,19:19,19:34,0.0
T0174,STN_04__STN_05,19:34,19:42,0.0
T0174,STN_05__STN_06,19:48,20:00,0.0
T0174,STN_06__STN_07,20:00,20:08,0.0
T0175,STN_02__STN_03,23:05,23:22,0.0
T0175,STN_03__STN_04,23:22,23:40,0.0
T0175,STN_04__STN_05,23:46,23:55,0.0
T0175,STN_05__STN_11,00:00,00:18,0.0
T0175,STN_11__STN_12,00:24,00:39,0.0
T0176,STN_02__STN_03,12:35,12:49,8.800260345970255
T0176,STN_03__STN_04,12:49,13:04,8.800260345970255
T0176,STN_04__STN_05,13:04,13:12,8.800260345970255
T0176,STN_05__STN_06,13:15,13:27,8.800260345970255
T0177,STN_07__STN_08,18:41,18:50,3.1891242964705766
T0177,STN_06__STN_07,18:50,18:59,3.1891242964705766
T0178,STN_09__STN_10,10:51,11:05,16.911390731946167
T0178,STN_08__STN_09,11:10,11:27,16.911390731946167
T0178,STN_07__STN_08,11:32,11:40,16.911390731946167
T0178,STN_06__STN_07,11:40,11:47,16.911390731946167
T0178,STN_05__STN_06,11:52,12:03,16.911390731946167
T0178,STN_05__STN_11,12:03,12:17,16.911390731946167
T0178,STN_11__STN_12,12:17,12:28,16.911390731946167
T0179,STN_11__STN_12,11:09,11:35,0.0
T0179,STN_05__STN_11,11:38,12:08,0.0
T0179,STN_05__STN_06,12:08,12:33,0.0
T0179,STN_06__STN_07,12:34,12:51,0.0
T0179,STN_07__STN_08,12:54,13:12,0.0
T0180,STN_02__STN_03,00:24,00:46,0.0
T0180,STN_03__STN_04,00:49,01:14,0.0
T0180,STN_04__STN_05,01:14,01:27,0.0
T0180,STN_05__STN_06,01:29,01:48,0.0
T0180,STN_06__STN_07,01:48,02:01,0.0
T0180,STN_07__STN_08,02:01,02:14,0.0
T0181,STN_05__STN_06,02:05,02:17,0.8046330322681895
T0181,STN_04__STN_05,02:25,02:33,0.8046330322681895
T0181,STN_03__STN_04,02:38,02:54,0.8046330322681895
T0182,STN_02__STN_03,11:34,12:02,2.207472686290773
T0182,STN_03__STN_04,12:05,12:37,2.207472686290773
T0182,STN_04__STN_05,12:39,12:55,2.207472686290773
T0183,STN_11__STN_12,09:08,09:26,0.0
T0183,STN_05__STN_11,09:27,09:48,0.0
T0183,STN_05__STN_06,09:48,10:04,0.0
T0183,STN_06__STN_07,10:04,10:16,0.0
T0183,STN_07__STN_08,10:18,10:30,0.0
T0183,STN_08__STN_09,10:32,10:57,0.0
T0184,STN_11__STN_12,14:53,15:03,2.7602536465018743
T0184,STN_05__STN_11,15:05,15:17,2.7602536465018743
T0184,STN_05__STN_06,15:17,15:26,2.7602536465018743
T0184,STN_06__STN_07,15:26,15:33,2.7602536465018743
T0184,STN_07__STN_08,15:33,15:40,2.7602536465018743
T0185,STN_08__STN_09,19:46,20:14,0.0
T0185,STN_07__STN_08,20:15,20:29,0.0
T0186,STN_01__STN_02,00:57,01:23,0.6245493203665147
T0186,STN_02__STN_03,01:25,01:46,0.6245493203665147
T0186,STN_03__STN_04,01:47,02:11,0.6245493203665147
T0186,STN_04__STN_05,02:12,02:25,0.6245493203665147
T0186,STN_05__STN_11,02:28,02:51,0.6245493203665147
T0186,STN_11__STN_12,02:53,03:13,0.6245493203665147
T0187,STN_08__STN_09,14:41,15:08,0.0
T0187,STN_07__STN_08,15:11,15:24,0.0
T0187,STN_06__STN_07,15:26,15:38,0.0
T0187,STN_05__STN_06,15:38,15:56,0.0
T0187,STN_05__STN_11,15:59,16:22,0.0
T0188,STN_02__STN_03,14:25,14:47,0.6214049464042333
T0188,STN_03__STN_04,14:48,15:13,0.6214049464042333
T0189,STN_09__STN_10,18:26,18:54,0.0
T0189,STN_08__STN_09,18:57,19:31,0.0
T0189,STN_07__STN_08,19:31,19:47,0.0
T0190,STN_06__STN_07,01:08,01:15,20.334532675454998
T0190,STN_07__STN_08,01:15,01:23,20.334532675454998
T0191,STN_07__STN_08,21:15,21:22,0.0
T0191,STN_08__STN_09,21:22,21:36,0.0
T0192,STN_07__STN_08,06:49,07:03,0.0
T0192,STN_06__STN_07,07:04,07:16,0.0
T0192,STN_05__STN_06,07:19,07:37,0.0
T0192,STN_04__STN_05,07:40,07:52,0.0
T0192,STN_03__STN_04,07:55,08:18,0.0
T0193,STN_08__STN_09,22:30,23:01,18.026921420542614
T0193,STN_07__STN_08,23:04,23:19,18.026921420542614
T0193,STN_06__STN_07,23:21,23:34,18.026921420542614
T0194,STN_01__STN_02,12:58,13:20,20.44648065000636
T0194,STN_02__STN_03,13:20,13:39,20.44648065000636
T0194,STN_03__STN_04,13:39,14:01,20.44648065000636
T0194,STN_04__STN_05,14:01,14:13,20.44648065000636
T0194,STN_05__STN_06,14:13,14:30,20.44648065000636
T0194,STN_06__STN_07,14:30,14:41,20.44648065000636
T0194,STN_07__STN_08,14:41,14:53,20.44648065000636
T0195,STN_01__STN_02,15:58,16:18,0.7702242894445103
T0195,STN_02__STN_03,16:22,16:39,0.7702242894445103
T0195,STN_03__STN_04,16:39,16:58,0.7702242894445103
T0195,STN_04__STN_05,17:05,17:15,0.7702242894445103
T0195,STN_05__STN_06,17:15,17:29,0.7702242894445103
T0195,STN_06__STN_07,17:29,17:39,0.7702242894445103
T0195,STN_07__STN_08,17:39,17:50,0.7702242894445103
T0195,STN_08__STN_09,17:50,18:11,0.7702242894445103
T0195,STN_09__STN_10,18:11,18:30,0.7702242894445103
T0196,STN_04__STN_05,17:24,17:34,2.7491287730714458
T0196,STN_05__STN_11,17:36,17:55,2.7491287730714458
T0197,STN_05__STN_11,17:45,18:05,14.382733877312859
T0197,STN_04__STN_05,18:10,18:21,14.382733877312859
T0197,STN_03__STN_04,18:28,18:47,14.382733877312859
T0197,STN_02__STN_03,18:47,19:05,14.382733877312859
T0198,STN_11__STN_12,06:09,06:29,0.0
T0198,STN_05__STN_11,06:31,06:55,0.0
T0198,STN_05__STN_06,06:57,07:16,0.0
T0199,STN_03__STN_04,20:33,20:49,1.398218053255015
T0199,STN_04__STN_05,20:49,20:58,1.398218053255015
T0199,STN_05__STN_06,21:06,21:19,1.398218053255015
T0199,STN_06__STN_07,21:22,21:31,1.398218053255015
T0199,STN_07__STN_08,21:37,21:46,1.398218053255015
T0199,STN_08__STN_09,21:46,22:04,1.398218053255015
T0199,STN_09__STN_10,22:04,22:20,1.398218053255015
T0200,STN_04__STN_05,02:20,02:34,11.167756005623628
T0200,STN_03__STN_04,02:37,03:06,11.167756005623628
T0200,STN_02__STN_03,03:08,03:33,11.167756005623628
T0201,STN_04__STN_05,02:22,02:32,0.0
T0201,STN_05__STN_06,02:33,02:48,0.0
T0201,STN_06__STN_07,02:49,02:59,0.0
T0202,STN_11__STN_12,08:06,08:34,17.487159471391863
T0202,STN_05__STN_11,08:35,09:06,17.487159471391863
T0202,STN_05__STN_06,09:07,09:32,17.487159471391863
T0203,STN_03__STN_04,08:32,08:46,0.0
T0203,STN_04__STN_05,08:46,08:53,0.0
T0203,STN_05__STN_06,08:53,09:04,0.0
T0203,STN_06__STN_07,09:08,09:15,0.0
T0204,STN_07__STN_08,03:26,03:42,0.35292059936590514
T0204,STN_08__STN_09,03:43,04:15,0.35292059936590514
T0204,STN_09__STN_10,04:18,04:46,0.35292059936590514
T0205,STN_02__STN_03,22:53,23:18,19.65109766373263
T0205,STN_03__STN_04,23:18,23:45,19.65109766373263
T0206,STN_04__STN_05,00:42,01:01,3.327818780273758
T0206,STN_05__STN_06,01:01,01:29,3.327818780273758
T0206,STN_06__STN_07,01:37,01:56,3.327818780273758
T0206,STN_07__STN_08,01:56,02:17,3.327818780273758
T0206,STN_08__STN_09,02:17,02:59,3.327818780273758
T0207,STN_05__STN_06,17:12,17:34,10.913168524689585
T0207,STN_04__STN_05,17:34,17:48,10.913168524689585
T0207,STN_03__STN_04,17:48,18:16,10.913168524689585
T0208,STN_09__STN_10,04:28,04:49,6.7178258478638835
T0208,STN_08__STN_09,04:54,05:20,6.7178258478638835
T0208,STN_07__STN_08,05:20,05:32,6.7178258478638835
T0208,STN_06__STN_07,05:32,05:43,6.7178258478638835
T0208,STN_05__STN_06,05:43,06:00,6.7178258478638835
T0208,STN_04__STN_05,06:00,06:11,6.7178258478638835
T0208,STN_03__STN_04,06:11,06:31,6.7178258478638835
T0208,STN_02__STN_03,06:39,06:59,6.7178258478638835
T0209,STN_07__STN_08,01:39,01:47,4.47485311208717
T0209,STN_08__STN_09,01:47,02:03,4.47485311208717
T0209,STN_09__STN_10,02:03,02:17,4.47485311208717
T0210,STN_01__STN_02,06:56,07:29,0.0
T0210,STN_02__STN_03,07:29,07:56,0.0
T0210,STN_03__STN_04,08:03,08:32,0.0
T0211,STN_01__STN_02,20:56,21:18,9.388645655018864
T0211,STN_02__STN_03,21:21,21:39,9.388645655018864
T0212,STN_05__STN_11,08:01,08:16,0.0
T0212,STN_11__STN_12,08:22,08:34,0.0
T0213,STN_09__STN_10,06:37,06:49,4.106024025154076
T0213,STN_08__STN_09,06:49,07:03,4.106024025154076
T0213,STN_07__STN_08,07:03,07:10,4.106024025154076
T0213,STN_06__STN_07,07:12,07:19,4.106024025154076
T0213,STN_05__STN_06,07:19,07:28,4.106024025154076
T0213,STN_05__STN_11,07:28,07:40,4.106024025154076
T0214,STN_03__STN_04,20:06,20:41,18.298249820358002
T0214,STN_02__STN_03,20:41,21:12,18.298249820358002
T0214,STN_01__STN_02,21:12,21:48,18.298249820358002
T0215,STN_06__STN_07,14:59,15:10,0.0
T0215,STN_05__STN_06,15:10,15:27,0.0
T0215,STN_04__STN_05,15:27,15:39,0.0
T0216,STN_01__STN_02,11:37,11:50,0.0
T0216,STN_02__STN_03,11:50,12:02,0.0
T0217,STN_05__STN_06,22:52,23:02,0.0
T0217,STN_04__STN_05,23:02,23:09,0.0
T0217,STN_03__STN_04,23:09,23:23,0.0
T0217,STN_02__STN_03,23:27,23:39,0.0
T0218,STN_04__STN_05,22:39,22:50,0.0
T0218,STN_05__STN_11,22:51,23:11,0.0
T0218,STN_11__STN_12,23:14,23:30,0.0
T0219,STN_05__STN_06,02:26,02:54,0.0
T0219,STN_04__STN_05,02:54,03:13,0.0
T0219,STN_03__STN_04,03:13,03:50,0.0
T0219,STN_02__STN_03,03:50,04:23,0.0
T0219,STN_01__STN_02,04:23,04:59,0.0
T0220,STN_04__STN_05,18:05,18:16,7.30308459190179
T0220,STN_05__STN_06,18:24,18:40,7.30308459190179
T0220,STN_06__STN_07,18:44,18:55,7.30308459190179
T0220,STN_07__STN_08,19:02,19:14,7.30308459190179
T0220,STN_08__STN_09,19:18,19:41,7.30308459190179
T0221,STN_06__STN_07,15:08,15:17,17.222760420970467
T0221,STN_05__STN_06,15:20,15:35,17.222760420970467
T0221,STN_05__STN_11,15:42,15:59,17.222760420970467
T0221,STN_11__STN_12,16:05,16:20,17.222760420970467
T0222,STN_05__STN_06,19:25,19:42,0.0
T0222,STN_04__STN_05,19:43,19:54,0.0
T0223,STN_09__STN_10,11:20,11:49,11.012008415635574
T0223,STN_08__STN_09,11:49,12:21,11.012008415635574
T0223,STN_07__STN_08,12:21,12:37,11.012008415635574
T0223,STN_06__STN_07,12:37,12:52,11.012008415635574
T0223,STN_05__STN_06,12:52,13:16,11.012008415635574
T0223,STN_04__STN_05,13:27,13:42,11.012008415635574
T0223,STN_03__STN_04,13:42,14:11,11.012008415635574
T0223,STN_02__STN_03,14:17,14:43,11.012008415635574
T0223,STN_01__STN_02,14:43,15:12,11.012008415635574
T0224,STN_05__STN_11,23:52,00:22,11.547420913716483
T0224,STN_04__STN_05,00:22,00:37,11.547420913716483
T0224,STN_03__STN_04,00:37,01:06,11.547420913716483
T0224,STN_02__STN_03,01:06,01:33,11.547420913716483
T0225,STN_05__STN_06,05:27,05:37,6.888902162111828
T0225,STN_04__STN_05,05:43,05:49,6.888902162111828
T0225,STN_03__STN_04,05:49,06:01,6.888902162111828
T0225,STN_02__STN_03,06:01,06:11,6.888902162111828
T0226,STN_03__STN_04,13:33,13:47,0.503786528012415
T0226,STN_04__STN_05,13:54,14:01,0.503786528012415
T0227,STN_05__STN_06,08:41,08:55,2.2663229576436463
T0227,STN_06__STN_07,08:55,09:05,2.2663229576436463
T0228,STN_08__STN_09,17:03,17:21,0.0
T0228,STN_07__STN_08,17:28,17:37,0.0
T0228,STN_06__STN_07,17:44,17:52,0.0
T0228,STN_05__STN_06,17:56,18:07,0.0
T0228,STN_04__STN_05,18:10,18:18,0.0
T0228,STN_03__STN_04,18:18,18:32,0.0
T0228,STN_02__STN_03,18:32,18:45,0.0
T0228,STN_01__STN_02,18:45,19:01,0.0
T0229,STN_04__STN_05,12:13,12:30,10.029178920161778
T0229,STN_05__STN_11,12:30,13:04,10.029178920161778
T0230,STN_04__STN_05,17:15,17:21,0.0
T0230,STN_05__STN_06,17:21,17:30,0.0
T0230,STN_06__STN_07,17:36,17:42,0.0
T0230,STN_07__STN_08,17:42,17:49,0.0
T0230,STN_08__STN_09,17:49,18:02,0.0
T0230,STN_09__STN_10,18:02,18:13,0.0
T0231,STN_04__STN_05,22:30,22:36,3.037267727181241
T0231,STN_05__STN_06,22:36,22:45,3.037267727181241
T0231,STN_06__STN_07,22:48,22:54,3.037267727181241
T0231,STN_07__STN_08,22:54,23:00,3.037267727181241
T0232,STN_03__STN_04,10:03,10:23,0.0
T0232,STN_04__STN_05,10:23,10:33,0.0
T0232,STN_05__STN_06,10:36,10:52,0.0
T0233,STN_08__STN_09,06:28,06:45,0.0
T0233,STN_07__STN_08,06:45,06:54,0.0
T0233,STN_06__STN_07,06:58,07:06,0.0
T0234,STN_06__STN_07,20:37,20:49,22.946170381317682
T0234,STN_05__STN_06,20:49,21:07,22.946170381317682
T0234,STN_05__STN_11,21:07,21:29,22.946170381317682
T0235,STN_05__STN_11,09:59,10:25,7.612021826461792
T0235,STN_05__STN_06,10:27,10:47,7.612021826461792
T0235,STN_06__STN_07,10:50,11:05,7.612021826461792
T0235,STN_07__STN_08,11:08,11:23,7.612021826461792
T0235,STN_08__STN_09,11:26,11:56,7.612021826461792
T0235,STN_09__STN_10,11:58,12:24,7.612021826461792
T0236,STN_03__STN_04,07:01,07:28,37.438287332481686
T0236,STN_04__STN_05,07:31,07:46,37.438287332481686
T0236,STN_05__STN_11,07:48,08:14,37.438287332481686
T0237,STN_04__STN_05,04:02,04:14,4.265053571053977
T0237,STN_03__STN_04,04:16,04:42,4.265053571053977
T0237,STN_02__STN_03,04:42,05:04,4.265053571053977
T0238,STN_06__STN_07,20:21,20:30,2.608419147746245
T0238,STN_05__STN_06,20:38,20:51,2.608419147746245
T0238,STN_04__STN_05,20:54,21:02,2.608419147746245
T0238,STN_03__STN_04,21:05,21:21,2.608419147746245
T0238,STN_02__STN_03,21:27,21:41,2.608419147746245
T0239,STN_02__STN_03,00:16,00:27,0.0
T0239,STN_03__STN_04,00:27,00:39,0.0
T0239,STN_04__STN_05,00:39,00:45,0.0
T0239,STN_05__STN_06,00:45,00:54,0.0
T0240,STN_06__STN_07,22:54,23:01,0.0
T0240,STN_05__STN_06,23:01,23:12,0.0
T0240,STN_05__STN_11,23:15,23:28,0.0
T0240,STN_11__STN_12,23:28,23:40,0.0
T0241,STN_05__STN_06,18:35,18:58,0.0
T0241,STN_04__STN_05,18:58,19:14,0.0
T0241,STN_03__STN_04,19:15,19:44,0.0
T0241,STN_02__STN_03,19:46,20:15,0.0
T0241,STN_01__STN_02,20:16,20:48,0.0
T0242,STN_02__STN_03,22:34,22:49,5.755312029662099
T0242,STN_03__STN_04,22:55,23:12,5.755312029662099
T0242,STN_04__STN_05,23:17,23:26,5.755312029662099
T0242,STN_05__STN_11,23:31,23:48,5.755312029662099
T0243,STN_05__STN_11,06:55,07:07,0.0
T0243,STN_04__STN_05,07:07,07:13,0.0
T0243,STN_03__STN_04,07:13,07:25,0.0
T0243,STN_02__STN_03,07:30,07:41,0.0
T0244,STN_05__STN_11,23:32,23:55,7.5754725583666165
T0244,STN_05__STN_06,23:56,00:13,7.5754725583666165
T0244,STN_06__STN_07,00:13,00:24,7.5754725583666165
T0244,STN_07__STN_08,00:27,00:40,7.5754725583666165
T0245,STN_07__STN_08,09:42,09:55,4.709486209272923
T0245,STN_06__STN_07,09:55,10:06,4.709486209272923
T0245,STN_05__STN_06,10:09,10:26,4.709486209272923
T0245,STN_04__STN_05,10:26,10:37,4.709486209272923
T0245,STN_03__STN_04,10:37,10:58,4.709486209272923
T0246,STN_07__STN_08,17:33,17:45,0.0
T0246,STN_08__STN_09,17:45,18:09,0.0
T0247,STN_11__STN_12,00:03,00:33,36.262035135074356
T0247,STN_05__STN_11,00:33,01:09,36.262035135074356
T0247,STN_05__STN_06,01:09,01:38,36.262035135074356
T0247,STN_06__STN_07,01:38,01:58,36.262035135074356
T0247,STN_07__STN_08,01:58,02:19,36.262035135074356
T0247,STN_08__STN_09,02:19,03:00,36.262035135074356
T0247,STN_09__STN_10,03:00,03:35,36.262035135074356
T0248,STN_05__STN_11,23:31,23:55,8.198489060160458
T0248,STN_05__STN_06,23:57,00:16,8.198489060160458
T0248,STN_06__STN_07,00:19,00:32,8.198489060160458
T0248,STN_07__STN_08,00:34,00:48,8.198489060160458
T0249,STN_01__STN_02,14:20,14:34,4.124437471361738
T0249,STN_02__STN_03,14:34,14:46,4.124437471361738
T0249,STN_03__STN_04,14:46,15:00,4.124437471361738
T0249,STN_04__STN_05,15:04,15:11,4.124437471361738
T0249,STN_05__STN_06,15:11,15:22,4.124437471361738
T0250,STN_09__STN_10,07:02,07:19,0.0
T0250,STN_08__STN_09,07:25,07:45,0.0
T0250,STN_07__STN_08,07:45,07:55,0.0
T0250,STN_06__STN_07,07:55,08:04,0.0
T0250,STN_05__STN_06,08:09,08:23,0.0
T0250,STN_05__STN_11,08:30,08:48,0.0
T0251,STN_03__STN_04,12:30,12:41,0.0
T0251,STN_02__STN_03,12:45,12:56,0.0
T0251,STN_01__STN_02,12:56,13:09,0.0
T0252,STN_02__STN_03,05:02,05:20,9.983222409062785
T0252,STN_03__STN_04,05:22,05:42,9.983222409062785
T0252,STN_04__STN_05,05:42,05:53,9.983222409062785
T0252,STN_05__STN_11,05:54,06:16,9.983222409062785
T0253,STN_11__STN_12,13:43,13:55,4.398599526722178
T0253,STN_05__STN_11,14:02,14:17,4.398599526722178
T0253,STN_04__STN_05,14:21,14:29,4.398599526722178
T0253,STN_03__STN_04,14:29,14:43,4.398599526722178
T0253,STN_02__STN_03,14:46,14:59,4.398599526722178
T0254,STN_01__STN_02,08:30,08:54,17.28799112454174
T0254,STN_02__STN_03,08:54,09:13,17.28799112454174
T0254,STN_03__STN_04,09:13,09:36,17.28799112454174
T0254,STN_04__STN_05,09:36,09:48,17.28799112454174
T0254,STN_05__STN_06,09:48,10:06,17.28799112454174
T0254,STN_06__STN_07,10:06,10:18,17.28799112454174
T0254,STN_07__STN_08,10:18,10:31,17.28799112454174
T0255,STN_09__STN_10,23:57,00:15,9.268412739920482
T0255,STN_08__STN_09,00:18,00:41,9.268412739920482
T0255,STN_07__STN_08,00:41,00:52,9.268412739920482
T0256,STN_02__STN_03,06:10,06:33,23.427093883078687
T0256,STN_03__STN_04,06:35,07:01,23.427093883078687
T0256,STN_04__STN_05,07:04,07:18,23.427093883078687
T0256,STN_05__STN_06,07:19,07:39,23.427093883078687
T0256,STN_06__STN_07,07:40,07:54,23.427093883078687
T0256,STN_07__STN_08,07:54,08:09,23.427093883078687
T0257,STN_03__STN_04,04:52,05:13,0.0
T0257,STN_04__STN_05,05:13,05:24,0.0
T0257,STN_05__STN_11,05:26,05:47,0.0
T0257,STN_11__STN_12,05:50,06:08,0.0
T0258,STN_04__STN_05,22:14,22:22,5.082073041042546
T0258,STN_05__STN_11,22:30,22:45,5.082073041042546
T0259,STN_05__STN_11,10:10,10:29,2.416616676010667
T0259,STN_05__STN_06,10:37,10:52,2.416616676010667
T0259,STN_06__STN_07,10:52,11:02,2.416616676010667
T0259,STN_07__STN_08,11:10,11:22,2.416616676010667
T0259,STN_08__STN_09,11:22,11:44,2.416616676010667
T0260,STN_05__STN_06,15:18,15:29,0.0
T0260,STN_06__STN_07,15:35,15:43,0.0
T0261,STN_05__STN_11,23:48,00:07,7.926916121569916
T0261,STN_05__STN_06,00:08,00:23,7.926916121569916
T0261,STN_06__STN_07,00:23,00:33,7.926916121569916
T0261,STN_07__STN_08,00:34,00:45,7.926916121569916
T0261,STN_08__STN_09,00:46,01:07,7.926916121569916
T0261,STN_09__STN_10,01:07,01:26,7.926916121569916
T0262,STN_05__STN_06,10:09,10:35,18.40854268578312
T0262,STN_05__STN_11,10:35,11:08,18.40854268578312
T0262,STN_11__STN_12,11:08,11:35,18.40854268578312
T0263,STN_09__STN_10,20:42,20:54,0.0
T0263,STN_08__STN_09,20:54,21:07,0.0
T0263,STN_07__STN_08,21:07,21:14,0.0
T0263,STN_06__STN_07,21:14,21:20,0.0
T0263,STN_05__STN_06,21:23,21:32,0.0
T0263,STN_04__STN_05,21:32,21:38,0.0
T0263,STN_03__STN_04,21:38,21:50,0.0
T0264,STN_11__STN_12,14:39,14:49,5.987998143027724
T0264,STN_05__STN_11,14:49,15:02,5.987998143027724
T0264,STN_05__STN_06,15:02,15:12,5.987998143027724
T0265,STN_07__STN_08,21:45,21:56,2.875532012211717
T0265,STN_06__STN_07,22:04,22:14,2.875532012211717
T0265,STN_05__STN_06,22:20,22:34,2.875532012211717
T0265,STN_05__STN_11,22:40,22:57,2.875532012211717
T0265,STN_11__STN_12,23:01,23:16,2.875532012211717
T0266,STN_05__STN_06,02:12,02:21,0.0
T0266,STN_05__STN_11,02:21,02:32,0.0
T0266,STN_11__STN_12,02:32,02:41,0.0
T0267,STN_05__STN_11,02:18,02:50,0.0
T0267,STN_04__STN_05,02:51,03:07,0.0
T0267,STN_03__STN_04,03:10,03:40,0.0
T0267,STN_02__STN_03,03:41,04:09,0.0
T0268,STN_06__STN_07,07:26,07:40,8.546932577422455
T0268,STN_05__STN_06,07:43,08:04,8.546932577422455
T0268,STN_05__STN_11,08:05,08:31,8.546932577422455
T0269,STN_07__STN_08,00:47,01:01,0.0
T0269,STN_06__STN_07,01:04,01:18,0.0
T0269,STN_05__STN_06,01:20,01:40,0.0
T0269,STN_04__STN_05,01:42,01:56,0.0
T0270,STN_05__STN_06,04:05,04:22,2.8039767435002028
T0270,STN_04__STN_05,04:23,04:35,2.8039767435002028
T0271,STN_02__STN_03,06:33,06:59,5.523513488188199
T0271,STN_03__STN_04,07:01,07:30,5.523513488188199
T0271,STN_04__STN_05,07:32,07:47,5.523513488188199
T0271,STN_05__STN_06,07:48,08:11,5.523513488188199
T0271,STN_06__STN_07,08:11,08:26,5.523513488188199
T0271,STN_07__STN_08,08:28,08:45,5.523513488188199
T0271,STN_08__STN_09,08:46,09:18,5.523513488188199
T0272,STN_03__STN_04,16:12,16:25,0.0
T0272,STN_04__STN_05,16:25,16:31,0.0
T0272,STN_05__STN_06,16:31,16:41,0.0
T0273,STN_07__STN_08,17:09,17:21,5.49509299986718
T0273,STN_06__STN_07,17:27,17:38,5.49509299986718
T0273,STN_05__STN_06,17:38,17:53,5.49509299986718
T0274,STN_07__STN_08,20:28,20:46,0.0
T0274,STN_08__STN_09,20:47,21:23,0.0
T0274,STN_09__STN_10,21:26,21:55,0.0
T0275,STN_11__STN_12,20:29,20:46,9.089779209892578
T0275,STN_05__STN_11,20:48,21:07,9.089779209892578
T0275,STN_04__STN_05,21:10,21:20,9.089779209892578
T0275,STN_03__STN_04,21:23,21:42,9.089779209892578
T0276,STN_09__STN_10,02:51,03:12,0.0
T0276,STN_08__STN_09,03:15,03:38,0.0
T0276,STN_07__STN_08,03:41,03:53,0.0
T0276,STN_06__STN_07,03:56,04:07,0.0
T0276,STN_05__STN_06,04:10,04:26,0.0
T0276,STN_04__STN_05,04:27,04:38,0.0
T0277,STN_07__STN_08,12:13,12:20,0.0
T0277,STN_06__STN_07,12:26,12:32,0.0
T0278,STN_03__STN_04,19:40,20:04,0.0
T0278,STN_02__STN_03,20:05,20:27,0.0
T0279,STN_07__STN_08,02:18,02:34,5.14808509790365
T0279,STN_06__STN_07,02:35,02:50,5.14808509790365
T0279,STN_05__STN_06,02:51,03:15,5.14808509790365
T0279,STN_05__STN_11,03:15,03:45,5.14808509790365
T0279,STN_11__STN_12,03:45,04:10,5.14808509790365
T0280,STN_01__STN_02,19:30,19:54,8.907665274899577
T0280,STN_02__STN_03,19:57,20:18,8.907665274899577
T0280,STN_03__STN_04,20:21,20:44,8.907665274899577
T0281,STN_03__STN_04,15:39,15:51,9.10981640082533
T0281,STN_02__STN_03,15:51,16:02,9.10981640082533
T0281,STN_01__STN_02,16:02,16:15,9.10981640082533
T0282,STN_03__STN_04,08:47,08:59,0.0
T0282,STN_04__STN_05,08:59,09:05,0.0
T0282,STN_05__STN_06,09:08,09:17,0.0
T0282,STN_06__STN_07,09:17,09:23,0.0
T0282,STN_07__STN_08,09:23,09:30,0.0
T0283,STN_06__STN_07,01:36,01:52,34.131682642210556
T0283,STN_05__STN_06,01:54,02:17,34.131682642210556
T0283,STN_04__STN_05,02:20,02:35,34.131682642210556
T0283,STN_03__STN_04,02:38,03:08,34.131682642210556
T0283,STN_02__STN_03,03:10,03:37,34.131682642210556
T0283,STN_01__STN_02,03:40,04:11,34.131682642210556
T0284,STN_09__STN_10,08:22,08:43,15.887899872058608
T0284,STN_08__STN_09,08:43,09:09,15.887899872058608
T0284,STN_07__STN_08,09:09,09:22,15.887899872058608
T0284,STN_06__STN_07,09:22,09:34,15.887899872058608
T0284,STN_05__STN_06,09:34,09:51,15.887899872058608
T0284,STN_04__STN_05,09:51,10:02,15.887899872058608
T0284,STN_03__STN_04,10:02,10:25,15.887899872058608
T0285,STN_08__STN_09,03:56,04:11,10.03508819418326
T0285,STN_07__STN_08,04:11,04:18,10.03508819418326
T0285,STN_06__STN_07,04:18,04:24,10.03508819418326
T0285,STN_05__STN_06,04:28,04:38,10.03508819418326
T0286,STN_03__STN_04,22:31,23:04,9.865696418567012
T0286,STN_04__STN_05,23:04,23:20,9.865696418567012
T0286,STN_05__STN_06,23:20,23:45,9.865696418567012
T0286,STN_06__STN_07,23:45,00:02,9.865696418567012
T0286,STN_07__STN_08,00:02,00:21,9.865696418567012
T0286,STN_08__STN_09,00:21,00:58,9.865696418567012
T0287,STN_01__STN_02,07:38,07:59,10.625916745566752
T0287,STN_02__STN_03,07:59,08:18,10.625916745566752
T0287,STN_03__STN_04,08:18,08:39,10.625916745566752
T0287,STN_04__STN_05,08:39,08:50,10.625916745566752
T0287,STN_05__STN_06,08:50,09:07,10.625916745566752
T0287,STN_06__STN_07,09:07,09:18,10.625916745566752
T0287,STN_07__STN_08,09:18,09:30,10.625916745566752
T0287,STN_08__STN_09,09:30,09:53,10.625916745566752
T0288,STN_08__STN_09,02:05,02:30,4.050326867763565
T0288,STN_07__STN_08,02:30,02:43,4.050326867763565
T0288,STN_06__STN_07,02:43,02:54,4.050326867763565
T0288,STN_05__STN_06,02:54,03:12,4.050326867763565
T0288,STN_04__STN_05,03:12,03:24,4.050326867763565
T0289,STN_08__STN_09,04:26,04:59,4.820576398514078
T0289,STN_07__STN_08,04:59,05:16,4.820576398514078
T0289,STN_06__STN_07,05:16,05:31,4.820576398514078
T0289,STN_05__STN_06,05:31,05:53,4.820576398514078
T0289,STN_04__STN_05,05:53,06:07,4.820576398514078
T0289,STN_03__STN_04,06:07,06:35,4.820576398514078
T0289,STN_02__STN_03,06:35,07:00,4.820576398514078
T0289,STN_01__STN_02,07:00,07:29,4.820576398514078
T0290,STN_11__STN_12,08:04,08:32,2.9209546197400496
T0290,STN_05__STN_11,08:32,09:06,2.9209546197400496
T0290,STN_05__STN_06,09:06,09:33,2.9209546197400496
T0290,STN_06__STN_07,09:33,09:51,2.9209546197400496
T0290,STN_07__STN_08,09:51,10:10,2.9209546197400496
T0290,STN_08__STN_09,10:10,10:49,2.9209546197400496
T0291,STN_05__STN_11,02:35,02:46,0.0
T0291,STN_05__STN_06,02:46,02:55,0.0
T0291,STN_06__STN_07,02:59,03:05,0.0
T0291,STN_07__STN_08,03:05,03:12,0.0
T0291,STN_08__STN_09,03:12,03:25,0.0
T0291,STN_09__STN_10,03:25,03:36,0.0
T0292,STN_04__STN_05,15:19,15:26,0.0
T0292,STN_05__STN_11,15:33,15:47,0.0
T0293,STN_05__STN_11,07:54,08:16,8.778503004466593
T0293,STN_04__STN_05,08:16,08:28,8.778503004466593
T0293,STN_03__STN_04,08:28,08:49,8.778503004466593
T0293,STN_02__STN_03,08:49,09:08,8.778503004466593
T0293,STN_01__STN_02,09:08,09:31,8.778503004466593
T0294,STN_05__STN_06,13:39,13:59,7.0567813931090555
T0294,STN_06__STN_07,13:59,14:13,7.0567813931090555
T0294,STN_07__STN_08,14:13,14:28,7.0567813931090555
T0294,STN_08__STN_09,14:28,14:58,7.0567813931090555
T0295,STN_08__STN_09,07:16,07:44,13.235263372733657
T0295,STN_07__STN_08,07:44,07:59,13.235263372733657
T0295,STN_06__STN_07,08:00,08:13,13.235263372733657
T0295,STN_05__STN_06,08:14,08:34,13.235263372733657
T0295,STN_04__STN_05,08:35,08:48,13.235263372733657
T0295,STN_03__STN_04,08:48,09:14,13.235263372733657
T0295,STN_02__STN_03,09:16,09:39,13.235263372733657
T0296,STN_05__STN_11,04:48,05:10,10.051906461327073
T0296,STN_04__STN_05,05:10,05:21,10.051906461327073
T0296,STN_03__STN_04,05:30,05:52,10.051906461327073
T0297,STN_05__STN_06,17:14,17:35,0.0
T0297,STN_06__STN_07,17:37,17:50,0.0
T0298,STN_01__STN_02,01:06,01:28,9.59982688709749
T0298,STN_02__STN_03,01:29,01:49,9.59982688709749
T0298,STN_03__STN_04,01:52,02:13,9.59982688709749
T0298,STN_04__STN_05,02:15,02:27,9.59982688709749
T0298,STN_05__STN_11,02:29,02:51,9.59982688709749
T0299,STN_07__STN_08,22:12,22:32,11.932834807965003
T0299,STN_06__STN_07,22:32,22:51,11.932834807965003
T0299,STN_05__STN_06,22:51,23:19,11.932834807965003
T0299,STN_04__STN_05,23:19,23:38,11.932834807965003
T0299,STN_03__STN_04,23:38,00:15,11.932834807965003
T0300,STN_05__STN_06,22:53,23:12,0.0
T0300,STN_04__STN_05,23:12,23:24,0.0
T0300,STN_03__STN_04,23:24,23:47,0.0
T0300,STN_02__STN_03,23:47,00:07,0.0
T0300,STN_01__STN_02,00:07,00:32,0.0
T0301,STN_06__STN_07,21:29,21:43,0.0
T0301,STN_05__STN_06,21:46,22:08,0.0
T0301,STN_05__STN_11,22:09,22:37,0.0
T0302,STN_05__STN_11,06:29,06:59,8.069634259442186
T0302,STN_05__STN_06,07:00,07:23,8.069634259442186
T0302,STN_06__STN_07,07:25,07:41,8.069634259442186
T0302,STN_07__STN_08,07:42,07:59,8.069634259442186
T0302,STN_08__STN_09,08:00,08:35,8.069634259442186
T0303,STN_11__STN_12,09:12,09:30,2.9164708497592926
T0303,STN_05__STN_11,09:32,09:54,2.9164708497592926
T0303,STN_05__STN_06,09:56,10:12,2.9164708497592926
T0303,STN_06__STN_07,10:15,10:26,2.9164708497592926
T0303,STN_07__STN_08,10:28,10:40,2.9164708497592926
T0303,STN_08__STN_09,10:42,11:07,2.9164708497592926
T0303,STN_09__STN_10,11:09,11:30,2.9164708497592926
T0304,STN_09__STN_10,13:34,13:47,1.031418465450082
T0304,STN_08__STN_09,13:53,14:07,1.031418465450082
T0304,STN_07__STN_08,14:07,14:14,1.031418465450082
T0304,STN_06__STN_07,14:14,14:21,1.031418465450082
T0304,STN_05__STN_06,14:21,14:31,1.031418465450082
T0304,STN_04__STN_05,14:31,14:38,1.031418465450082
T0304,STN_03__STN_04,14:38,14:50,1.031418465450082
T0304,STN_02__STN_03,14:54,15:05,1.031418465450082
T0305,STN_05__STN_11,16:29,16:54,0.6325131037331261
T0305,STN_04__STN_05,16:54,17:07,0.6325131037331261
T0305,STN_03__STN_04,17:07,17:31,0.6325131037331261
T0306,STN_08__STN_09,02:37,03:11,0.0
T0306,STN_07__STN_08,03:11,03:29,0.0
T0306,STN_06__STN_07,03:32,03:47,0.0
T0306,STN_05__STN_06,03:50,04:15,0.0
T0306,STN_04__STN_05,04:16,04:32,0.0
T0306,STN_03__STN_04,04:34,05:03,0.0
T0306,STN_02__STN_03,05:04,05:30,0.0
T0306,STN_01__STN_02,05:31,06:03,0.0
T0307,STN_05__STN_11,07:31,07:51,28.53870105866512
T0307,STN_05__STN_06,07:53,08:09,28.53870105866512
T0308,STN_09__STN_10,16:51,17:08,0.0
T0308,STN_08__STN_09,17:16,17:36,0.0
T0308,STN_07__STN_08,17:41,17:50,0.0
T0308,STN_06__STN_07,17:50,17:59,0.0
T0308,STN_05__STN_06,18:04,18:17,0.0
T0308,STN_04__STN_05,18:24,18:32,0.0
T0308,STN_03__STN_04,18:32,18:48,0.0
T0309,STN_06__STN_07,08:02,08:11,0.0
T0309,STN_07__STN_08,08:16,08:26,0.0
T0309,STN_08__STN_09,08:32,08:51,0.0
T0309,STN_09__STN_10,08:59,09:16,0.0
T0310,STN_03__STN_04,00:13,00:25,0.0
T0310,STN_04__STN_05,00:25,00:31,0.0
T0310,STN_05__STN_06,00:31,00:40,0.0
T0310,STN_06__STN_07,00:40,00:46,0.0
T0310,STN_07__STN_08,00:46,00:53,0.0
T0310,STN_08__STN_09,00:53,01:07,0.0
T0310,STN_09__STN_10,01:07,01:20,0.0
T0311,STN_04__STN_05,00:42,00:53,26.2895279013419
T0311,STN_05__STN_06,00:53,01:08,26.2895279013419
T0311,STN_06__STN_07,01:08,01:19,26.2895279013419
T0311,STN_07__STN_08,01:19,01:31,26.2895279013419
T0312,STN_08__STN_09,09:43,09:58,0.0
T0312,STN_07__STN_08,09:58,10:05,0.0
T0312,STN_06__STN_07,10:05,10:11,0.0
T0312,STN_05__STN_06,10:11,10:20,0.0
T0313,STN_08__STN_09,18:19,18:36,1.1051911946410378
T0313,STN_07__STN_08,18:36,18:44,1.1051911946410378
T0313,STN_06__STN_07,18:44,18:52,1.1051911946410378
T0313,STN_05__STN_06,18:52,19:03,1.1051911946410378
T0313,STN_05__STN_11,19:03,19:17,1.1051911946410378
T0314,STN_01__STN_02,02:09,02:28,8.391225787837277
T0314,STN_02__STN_03,02:29,02:46,8.391225787837277
T0314,STN_03__STN_04,02:48,03:07,8.391225787837277
T0314,STN_04__STN_05,03:10,03:20,8.391225787837277
T0314,STN_05__STN_11,03:20,03:39,8.391225787837277
T0315,STN_03__STN_04,20:17,20:41,0.0
T0315,STN_04__STN_05,20:41,20:53,0.0
T0316,STN_06__STN_07,10:27,10:38,2.6003759848938017
T0316,STN_05__STN_06,10:39,10:56,2.6003759848938017
T0317,STN_06__STN_07,11:00,11:08,0.8859595517706085
T0317,STN_05__STN_06,11:08,11:20,0.8859595517706085
T0317,STN_05__STN_11,11:26,11:41,0.8859595517706085
T0318,STN_09__STN_10,00:53,01:19,3.548418851871629
T0318,STN_08__STN_09,01:19,01:50,3.548418851871629
T0318,STN_07__STN_08,01:50,02:06,3.548418851871629
T0318,STN_06__STN_07,02:06,02:20,3.548418851871629
T0319,STN_05__STN_06,15:45,16:06,2.5714371286237454
T0319,STN_06__STN_07,16:07,16:21,2.5714371286237454
T0319,STN_07__STN_08,16:24,16:39,2.5714371286237454
T0319,STN_08__STN_09,16:40,17:09,2.5714371286237454
T0319,STN_09__STN_10,17:11,17:38,2.5714371286237454
T0320,STN_11__STN_12,09:29,09:46,14.99407711410521
T0320,STN_05__STN_11,09:47,10:08,14.99407711410521
T0320,STN_04__STN_05,10:11,10:22,14.99407711410521
T0320,STN_03__STN_04,10:23,10:43,14.99407711410521
T0320,STN_02__STN_03,10:46,11:04,14.99407711410521
T0320,STN_01__STN_02,11:04,11:26,14.99407711410521
